id,kind,source_id,query,corpus_version,retrieval_cache_hit,retrieval_cache_available,retrieval_cache_lookup_seconds,embedding_cache_hit,embedding_cache_available,embedding_cache_lookup_seconds,embedding_compute_seconds,vector_seconds,lexical_seconds,fusion_seconds,retrieval_seconds,end_to_end_seconds,result_ids
cache-001,unique,qt001,How does PostgreSQL streaming replication work?,2,0,1,0.0015079998411238194,0,1,0.010715899989008904,0.03584679984487593,0.13038829993456602,0.04472350003197789,6.889994256198406e-05,0.1751806999091059,0.2348707001656294,196|197|199|200|194
cache-002,unique,qt002,How does PostgreSQL MVCC determine row visibility?,2,0,1,0.0011231000535190105,0,1,0.0009907998610287905,0.014384200097993016,0.09137340006418526,0.03635290008969605,5.159992724657059e-05,0.12777790008112788,0.16372580011375248,193|192|195|194|199
cache-003,unique,qt003,How does Kubernetes select a node for a Pod?,2,0,1,0.0009021000005304813,0,1,0.0007795998826622963,0.013022399973124266,0.09177079983055592,0.03551000007428229,6.769993342459202e-05,0.1273484998382628,0.16539630014449358,188|190|191|189|185
cache-004,unique,qt004,What is Apache Kafka used for?,2,0,1,0.0010841998737305403,0,1,0.0007967001292854548,0.011924199992790818,0.09982170001603663,0.037772499956190586,4.630000330507755e-05,0.1376404999755323,0.17309750011190772,184|185|187|186|194
cache-005,unique,qt005,What trade-off does synchronous PostgreSQL replication make?,2,0,1,0.0011089998297393322,0,1,0.0008046999573707581,0.016751500079408288,0.11117670009844005,0.033165200147777796,3.660004585981369e-05,0.14437850029207766,0.17883159988559783,199|196|197|200|195
cache-006,unique,qt006,What does PostgreSQL VACUUM do?,2,0,1,0.0008472998160868883,0,1,0.0007299999706447124,0.015032099792733788,0.1136259997729212,0.03297649999149144,4.0899962186813354e-05,0.14664339972659945,0.17903950018808246,194|192|199|196|195
cache-007,unique,qt007,How do Kubernetes taints and tolerations affect scheduling?,2,0,1,0.0008928000461310148,0,1,0.0007145998533815145,0.015933899907395244,0.11638659983873367,0.0348237999714911,9.940005838871002e-05,0.15130979986861348,0.1864307001233101,190|188|191|189|186
cache-008,unique,qt008,How do Kafka consumer groups divide work?,2,0,1,0.0009452998638153076,0,1,0.0008962000720202923,0.013689300045371056,0.08971520001068711,0.03420250001363456,5.45999500900507e-05,0.12397229997441173,0.15577099984511733,185|186|184|187|199
cache-009,unique,qt009,Why can a PostgreSQL replication slot consume disk space?,2,0,1,0.0009572999551892281,0,1,0.0010130999144166708,0.015002100029960275,0.09319299994967878,0.0330680999904871,4.950002767145634e-05,0.12631059996783733,0.16212640004232526,199|200|194|196|197
cache-010,unique,qt010,How does logical replication differ from physical streaming replication?,2,0,1,0.0009204000234603882,0,1,0.0008848998695611954,0.014760299818590283,0.11541799991391599,0.03375450009480119,4.109996370971203e-05,0.1492135999724269,0.18193500000052154,200|199|197|196|186
cache-011,unique,qt011,How can database readers see stable data without making writers wait?,2,0,1,0.0012880000285804272,0,1,0.0012551001273095608,0.0147645000834018,0.0962600999046117,0.03226100001484156,7.039983756840229e-05,0.12859149975702167,0.1650245999917388,193|192|196|197|199
cache-012,unique,qt012,How are change records shipped and applied to a backup database?,2,0,1,0.0010015000589191914,0,1,0.0009308001026511192,0.018498399993404746,0.09929280006326735,0.032988399965688586,5.279993638396263e-05,0.1323339999653399,0.18242189986631274,192|195|194|196|199
cache-013,unique,qt013,What decides where a newly requested workload runs in a cluster?,2,0,1,0.0013238000683486462,0,1,0.001319000031799078,0.014412699965760112,0.11195529997348785,0.032924999948590994,4.029995761811733e-05,0.14492059987969697,0.18477429985068738,190|189|188|199|191
cache-014,unique,qt014,How can separate applications independently reread the same ordered events?,2,0,1,0.0009280000813305378,0,1,0.0008500998374074697,0.015952899819239974,0.09711269987747073,0.031517199939116836,3.79001721739769e-05,0.12866779998876154,0.1635136001277715,186|187|184|199|185
cache-015,unique,qt015,Why might old copies of updated rows remain on disk?,2,0,1,0.0009681000374257565,0,1,0.0008453000336885452,0.015406399965286255,0.10267020016908646,0.03425579983741045,3.800005652010441e-05,0.136964000063017,0.17054680013097823,192|193|194|199|200
cache-016,unique,qt016,How does the cluster avoid placing a workload on an unsuitable machine?,2,0,1,0.0009690001606941223,0,1,0.0011344000231474638,0.01495209988206625,0.09329240000806749,0.034962099976837635,4.4599873945117e-05,0.12829909985885024,0.16372780012898147,190|188|189|199|185
cache-017,unique,qt017,How is an event log spread across servers for parallelism and resilience?,2,0,1,0.0009836000390350819,0,1,0.0009327998850494623,0.015286699868738651,0.11831769999116659,0.03230289998464286,3.8800062611699104e-05,0.15065940003842115,0.18370410008355975,187|186|184|196|199
cache-018,unique,qt018,What happens when the main database disappears and a copy must take writes?,2,0,1,0.0010641999542713165,0,1,0.000920700142160058,0.016448100097477436,0.10738389985635877,0.03419380006380379,4.160008393228054e-05,0.14161930000409484,0.17654899996705353,199|198|194|192|196
cache-019,unique,qt019,Why do declared resources matter more than momentary usage for workload placement?,2,0,1,0.001178199891000986,0,1,0.0010174000635743141,0.015048400033265352,0.10663300007581711,0.05025759991258383,8.190004155039787e-05,0.15697250002995133,0.19146989984437823,189|190|188|194|199
cache-020,unique,qt020,How can a stream reader go back and process earlier records again?,2,0,1,0.0008919001556932926,0,1,0.0008491999469697475,0.014541200129315257,0.11264829989522696,0.03353150002658367,4.109996370971203e-05,0.14622089988552034,0.18172529991716146,197|196|194|199|186
cache-021,unique,qt021,Why are old versions not getting cleaned up?,2,0,1,0.0010255000088363886,0,1,0.0009238999336957932,0.014725500019267201,0.12386359996162355,0.0331687000580132,6.070011295378208e-05,0.15709300013259053,0.19044109992682934,194|193|192|200|199
cache-022,unique,qt022,Why is the replica falling behind?,2,0,1,0.0009532999247312546,0,1,0.0009756998624652624,0.013279899954795837,0.09253199980594218,0.03704309999011457,5.91999851167202e-05,0.12963429978117347,0.16637649992480874,197|199|196|200|186
cache-023,unique,qt023,Why is my workload still pending?,2,0,1,0.0013981000520288944,0,1,0.0009910000953823328,0.01247499999590218,0.11081689991988242,0.03485769988037646,9.079999290406704e-05,0.14576539979316294,0.18123690015636384,188|189|190|197|191
cache-024,unique,qt024,How can I read the same messages again?,2,0,1,0.0009886999614536762,0,1,0.001172899967059493,0.012351600220426917,0.09104699990712106,0.03517020004801452,4.009995609521866e-05,0.1262572999112308,0.16216930001974106,186|193|187|192|196
cache-025,unique,qt025,Why is commit slower now?,2,0,1,0.0009063000325113535,0,1,0.0009210000280290842,0.013734199805185199,0.10009919991716743,0.032864300068467855,6.230012513697147e-05,0.13302580011077225,0.16698469989933074,193|192|197|195|198
cache-026,unique,qt026,Why do reads keep changing between statements?,2,0,1,0.0009357000235468149,0,1,0.0008434001356363297,0.013552499935030937,0.11688290000893176,0.05993990018032491,7.180008105933666e-05,0.176894600270316,0.21268860017880797,193|192|195|199|196
cache-027,unique,qt027,Why won't this workload run on that machine?,2,0,1,0.0015141000039875507,0,1,0.0011018000077456236,0.023443899815902114,0.10490549984388053,0.03332859999500215,4.509999416768551e-05,0.13827919983305037,0.18957699998281896,188|191|189|190|197
cache-028,unique,qt028,Why isn't one reader handling every partition?,2,0,1,0.0009496000129729509,0,1,0.0010912998113781214,0.020721199922263622,0.09716859995387495,0.03516400000080466,3.9899954572319984e-05,0.13237249990925193,0.16673900000751019,186|185|193|187|184
cache-029,unique,qt029,Why is the log filling the disk?,2,0,1,0.0008703998755663633,0,1,0.001234699971973896,0.012076300103217363,0.09144069999456406,0.0341068000998348,5.3799943998456e-05,0.1256013000383973,0.1598028999287635,187|194|186|196|199
cache-030,unique,qt030,Who actually starts the containers?,2,0,1,0.0010031999554485083,0,1,0.0009949000086635351,0.013916099909693003,0.08954189997166395,0.03243230003863573,6.429990753531456e-05,0.122038499917835,0.15862629981711507,191|190|188|189|185
cache-031,unique,qt031,What does WAL do in PostgreSQL streaming replication?,2,0,1,0.0009829998016357422,0,1,0.0009047999046742916,0.01608150009997189,0.1034891998860985,0.032799300039187074,6.220000796020031e-05,0.13635069993324578,0.18385439994744956,196|197|199|195|194
cache-032,unique,qt032,What does MVCC provide in PostgreSQL?,2,0,1,0.0013021999038755894,0,1,0.001452400116249919,0.011806199792772532,0.1129630000796169,0.03540439996868372,4.0899962186813354e-05,0.14840830001048744,0.18233869993127882,195|192|193|194|196
cache-033,unique,qt033,What does VACUUM do with obsolete row versions?,2,0,1,0.0012450001668184996,0,1,0.0010098000057041645,0.012130599934607744,0.09087119996547699,0.03600459988228977,4.100007936358452e-05,0.12691679992713034,0.16241790005005896,194|193|192|200|199
cache-034,unique,qt034,How does Read Committed choose snapshots?,2,0,1,0.0010251000057905912,0,1,0.0012779999524354935,0.0122811000328511,0.08751090010628104,0.039313399931415915,4.970002919435501e-05,0.1268740000668913,0.16401989990845323,192|193|197|186|196
cache-035,unique,qt035,How does Repeatable Read use a snapshot?,2,0,1,0.0009371000342071056,0,1,0.0008548998739570379,0.014188800007104874,0.09110169997438788,0.03322230000048876,3.869994543492794e-05,0.12436269992031157,0.1716591001022607,193|192|196|186|199
cache-036,unique,qt036,What does node affinity do for a Pod?,2,0,1,0.0008642000611871481,0,1,0.0008162998128682375,0.011431300081312656,0.09758380008861423,0.05088979983702302,3.929995000362396e-05,0.14851289987564087,0.18262209999375045,190|188|191|189|185
cache-037,unique,qt037,What does kubelet do after Pod binding?,2,0,1,0.0009349999018013477,0,1,0.0010154999326914549,0.014247900107875466,0.09453000011853874,0.034475999884307384,4.9999915063381195e-05,0.1290559999179095,0.16391830006614327,190|191|188|187|186
cache-038,unique,qt038,What is a Kafka topic partition?,2,0,1,0.000887200003489852,0,1,0.0009873001836240292,0.012145099928602576,0.0981716001406312,0.04843850014731288,5.669984966516495e-05,0.14666680013760924,0.18278919998556376,184|185|186|187|200
cache-039,unique,qt039,What does a Kafka consumer group do?,2,0,1,0.0012199999764561653,0,1,0.0008670000825077295,0.018442200031131506,0.10292350011877716,0.050021199975162745,7.029995322227478e-05,0.15301500004716218,0.18906820006668568,185|186|184|187|194
cache-040,unique,qt040,What is a replication slot?,2,0,1,0.0010725001338869333,0,1,0.001112199854105711,0.015218300046399236,0.09439789992757142,0.03598789987154305,4.970002919435501e-05,0.13043549982830882,0.16832569986581802,199|196|200|197|186
cache-041,exact_repeat,qt001,How does PostgreSQL streaming replication work?,2,1,1,0.0009800000116229057,0,1,0.001112199854105711,0.015218300046399236,0.0,0.0,0.0,0.0,0.1123414000030607,196|197|199|200|194
cache-042,exact_repeat,qt002,How does PostgreSQL MVCC determine row visibility?,2,1,1,0.0013399000745266676,0,1,0.001112199854105711,0.015218300046399236,0.0,0.0,0.0,0.0,0.110853600082919,193|192|195|194|199
cache-043,exact_repeat,qt003,How does Kubernetes select a node for a Pod?,2,1,1,0.0012453000526875257,0,1,0.001112199854105711,0.015218300046399236,0.0,0.0,0.0,0.0,0.1601601999718696,188|190|191|189|185
cache-044,exact_repeat,qt004,What is Apache Kafka used for?,2,1,1,0.001127100083976984,0,1,0.001112199854105711,0.015218300046399236,0.0,0.0,0.0,0.0,0.12601349991746247,184|185|187|186|194
cache-045,exact_repeat,qt005,What trade-off does synchronous PostgreSQL replication make?,2,1,1,0.001494700089097023,0,1,0.001112199854105711,0.015218300046399236,0.0,0.0,0.0,0.0,0.15909169986844063,199|196|197|200|195
cache-046,exact_repeat,qt006,What does PostgreSQL VACUUM do?,2,1,1,0.0010894001461565495,0,1,0.001112199854105711,0.015218300046399236,0.0,0.0,0.0,0.0,0.13511099992319942,194|192|199|196|195
cache-047,exact_repeat,qt007,How do Kubernetes taints and tolerations affect scheduling?,2,1,1,0.0014447001740336418,0,1,0.001112199854105711,0.015218300046399236,0.0,0.0,0.0,0.0,0.1663768000435084,190|188|191|189|186
cache-048,exact_repeat,qt008,How do Kafka consumer groups divide work?,2,1,1,0.0011583000887185335,0,1,0.001112199854105711,0.015218300046399236,0.0,0.0,0.0,0.0,0.1482506999745965,185|186|184|187|199
cache-049,exact_repeat,qt009,Why can a PostgreSQL replication slot consume disk space?,2,1,1,0.0015571999829262495,0,1,0.001112199854105711,0.015218300046399236,0.0,0.0,0.0,0.0,0.1482279000338167,199|200|194|196|197
cache-050,exact_repeat,qt010,How does logical replication differ from physical streaming replication?,2,1,1,0.0012014999520033598,0,1,0.001112199854105711,0.015218300046399236,0.0,0.0,0.0,0.0,0.14723620004951954,200|199|197|196|186
cache-051,exact_repeat,qt011,How can database readers see stable data without making writers wait?,2,1,1,0.0010782000608742237,0,1,0.001112199854105711,0.015218300046399236,0.0,0.0,0.0,0.0,0.14221740001812577,193|192|196|197|199
cache-052,exact_repeat,qt012,How are change records shipped and applied to a backup database?,2,1,1,0.0011277999728918076,0,1,0.001112199854105711,0.015218300046399236,0.0,0.0,0.0,0.0,0.12070189998485148,192|195|194|196|199
cache-053,exact_repeat,qt013,What decides where a newly requested workload runs in a cluster?,2,1,1,0.0009902999736368656,0,1,0.001112199854105711,0.015218300046399236,0.0,0.0,0.0,0.0,0.11983059998601675,190|189|188|199|191
cache-054,exact_repeat,qt014,How can separate applications independently reread the same ordered events?,2,1,1,0.001302999909967184,0,1,0.001112199854105711,0.015218300046399236,0.0,0.0,0.0,0.0,0.13832210004329681,186|187|184|199|185
cache-055,exact_repeat,qt015,Why might old copies of updated rows remain on disk?,2,1,1,0.0013017000164836645,0,1,0.001112199854105711,0.015218300046399236,0.0,0.0,0.0,0.0,0.1493908001575619,192|193|194|199|200
cache-056,exact_repeat,qt016,How does the cluster avoid placing a workload on an unsuitable machine?,2,1,1,0.0011467000003904104,0,1,0.001112199854105711,0.015218300046399236,0.0,0.0,0.0,0.0,0.14913829998113215,190|188|189|199|185
cache-057,exact_repeat,qt017,How is an event log spread across servers for parallelism and resilience?,2,1,1,0.0010264001321047544,0,1,0.001112199854105711,0.015218300046399236,0.0,0.0,0.0,0.0,0.1500224000774324,187|186|184|196|199
cache-058,exact_repeat,qt018,What happens when the main database disappears and a copy must take writes?,2,1,1,0.0013798000290989876,0,1,0.001112199854105711,0.015218300046399236,0.0,0.0,0.0,0.0,0.1486732999328524,199|198|194|192|196
cache-059,exact_repeat,qt019,Why do declared resources matter more than momentary usage for workload placement?,2,1,1,0.002287099836394191,0,1,0.001112199854105711,0.015218300046399236,0.0,0.0,0.0,0.0,0.15173040004447103,189|190|188|194|199
cache-060,exact_repeat,qt020,How can a stream reader go back and process earlier records again?,2,1,1,0.0013987000565975904,0,1,0.001112199854105711,0.015218300046399236,0.0,0.0,0.0,0.0,0.12980169989168644,197|196|194|199|186
cache-061,exact_repeat,qt021,Why are old versions not getting cleaned up?,2,1,1,0.001289099920541048,0,1,0.001112199854105711,0.015218300046399236,0.0,0.0,0.0,0.0,0.15217890008352697,194|193|192|200|199
cache-062,exact_repeat,qt022,Why is the replica falling behind?,2,1,1,0.0011980999261140823,0,1,0.001112199854105711,0.015218300046399236,0.0,0.0,0.0,0.0,0.14921639999374747,197|199|196|200|186
cache-063,exact_repeat,qt023,Why is my workload still pending?,2,1,1,0.001257800031453371,0,1,0.001112199854105711,0.015218300046399236,0.0,0.0,0.0,0.0,0.1487493000458926,188|189|190|197|191
cache-064,exact_repeat,qt024,How can I read the same messages again?,2,1,1,0.0014955999795347452,0,1,0.001112199854105711,0.015218300046399236,0.0,0.0,0.0,0.0,0.1481200000271201,186|193|187|192|196
cache-065,exact_repeat,qt025,Why is commit slower now?,2,1,1,0.001156599959358573,0,1,0.001112199854105711,0.015218300046399236,0.0,0.0,0.0,0.0,0.1356585999019444,193|192|197|195|198
cache-066,exact_repeat,qt026,Why do reads keep changing between statements?,2,1,1,0.0012217999901622534,0,1,0.001112199854105711,0.015218300046399236,0.0,0.0,0.0,0.0,0.15122579992748797,193|192|195|199|196
cache-067,exact_repeat,qt027,Why won't this workload run on that machine?,2,1,1,0.0010494999587535858,0,1,0.001112199854105711,0.015218300046399236,0.0,0.0,0.0,0.0,0.12535770004615188,188|191|189|190|197
cache-068,exact_repeat,qt028,Why isn't one reader handling every partition?,2,1,1,0.0015579001046717167,0,1,0.001112199854105711,0.015218300046399236,0.0,0.0,0.0,0.0,0.156730999937281,186|185|193|187|184
cache-069,exact_repeat,qt029,Why is the log filling the disk?,2,1,1,0.001209199894219637,0,1,0.001112199854105711,0.015218300046399236,0.0,0.0,0.0,0.0,0.13392920000478625,187|194|186|196|199
cache-070,exact_repeat,qt030,Who actually starts the containers?,2,1,1,0.001209799898788333,0,1,0.001112199854105711,0.015218300046399236,0.0,0.0,0.0,0.0,0.13513319985941052,191|190|188|189|185
cache-071,near_repeat,qt001,How are database changes continuously copied from a PostgreSQL primary to a standby?,2,0,1,0.0012302999384701252,0,1,0.001438099890947342,0.020077000139281154,0.10317209991626441,0.035750400042161345,5.869986489415169e-05,0.1389811998233199,0.17993159987963736,196|198|197|199|195
cache-072,near_repeat,qt002,How does PostgreSQL decide which version of a row a transaction can see?,2,0,1,0.0012391000054776669,0,1,0.0012604999355971813,0.015166100114583969,0.09528879984281957,0.032565200002864,5.419994704425335e-05,0.12790819979272783,0.16150250006467104,192|193|200|194|195
cache-073,near_repeat,qt003,How is a worker machine chosen for a newly created Kubernetes workload?,2,0,1,0.0009350997861474752,0,1,0.0009037000127136707,0.016767599852755666,0.10276999999769032,0.04846740001812577,3.900006413459778e-05,0.1512764000799507,0.18557319999672472,188|190|191|189|185
cache-074,near_repeat,qt004,What problem does Kafka solve for applications that exchange event data?,2,0,1,0.0009751999750733376,0,1,0.0008559999987483025,0.01583379996009171,0.10209960001520813,0.036092800088226795,3.8800062611699104e-05,0.13823120016604662,0.18553070002235472,186|184|187|185|199
cache-075,near_repeat,qt005,How does waiting for a standby affect durability and transaction delay?,2,0,1,0.0009327998850494623,0,1,0.0011086000595241785,0.01432109996676445,0.09587900014594197,0.03327580005861819,5.04001509398222e-05,0.12920520035549998,0.16292080003768206,198|197|195|196|199
cache-076,near_repeat,qt006,How does PostgreSQL make space from obsolete row versions reusable?,2,0,1,0.0009395999368280172,0,1,0.001020899973809719,0.01521169999614358,0.0925238998606801,0.035883900010958314,5.91999851167202e-05,0.12846699985675514,0.1610753999557346,194|193|192|200|199
cache-077,near_repeat,qt007,How can nodes repel workloads while particular Pods are allowed onto them?,2,0,1,0.000984300160780549,0,1,0.0009045999031513929,0.02006039978004992,0.10449360008351505,0.03218370000831783,3.620004281401634e-05,0.1367135001346469,0.17148989997804165,190|188|191|189|185
cache-078,near_repeat,qt008,How are topic partitions shared among consumers working together?,2,0,1,0.0009344001300632954,0,1,0.0007337999995797873,0.014356900006532669,0.09949019993655384,0.03610499994829297,6.29001297056675e-05,0.13565810001455247,0.17230400000698864,185|186|184|187|199
cache-079,near_repeat,qt009,Why can an inactive replication consumer cause retained log data to grow?,2,0,1,0.0009578999597579241,0,1,0.0010597999207675457,0.015330699970945716,0.09579040016978979,0.03463570005260408,9.55001451075077e-05,0.13052160036750138,0.16639759996905923,199|197|194|186|187
cache-080,near_repeat,qt010,How does selected-table change replication differ from copying a whole PostgreSQL cluster?,2,0,1,0.0011060000397264957,0,1,0.0013175997883081436,0.015979800140485168,0.09858210012316704,0.04636809998191893,5.400017835199833e-05,0.14500420028343797,0.1780556000303477,200|199|197|196|194
cache-081,near_repeat,qt011,How does PostgreSQL provide consistent snapshots while reads and writes run concurrently?,2,0,1,0.0007748999632894993,0,1,0.0007250001654028893,0.014827599981799722,0.1003080999944359,0.039929799968376756,3.690016455948353e-05,0.14027480012737215,0.17408409994095564,193|192|196|195|199
cache-082,near_repeat,qt012,How does a primary send logged changes for a standby to replay?,2,0,1,0.0009335000067949295,0,1,0.0009564999490976334,0.021729299798607826,0.11659099999815226,0.035243500024080276,3.8800062611699104e-05,0.15187330008484423,0.19573869998566806,196|197|198|187|199
cache-083,near_repeat,qt013,How does Kubernetes choose the worker for a new Pod?,2,0,1,0.0010041000787168741,0,1,0.000939300050958991,0.01576259988360107,0.11101180012337863,0.03771990002132952,5.0099799409508705e-05,0.14878179994411767,0.18825060012750328,188|191|190|189|185
cache-084,near_repeat,qt014,How do Kafka consumer groups independently process and replay topic events?,2,0,1,0.001150200143456459,0,1,0.001500600017607212,0.01587669993750751,0.09473800007253885,0.03913839999586344,4.970002919435501e-05,0.13392610009759665,0.17523219995200634,186|185|184|187|199
cache-085,near_repeat,qt015,Why does PostgreSQL retain obsolete row versions until they are no longer visible?,2,0,1,0.0009973999112844467,0,1,0.0009594999719411135,0.020907600177451968,0.10158820007927716,0.033834900008514524,4.1999854147434235e-05,0.13546509994193912,0.17065800004638731,193|192|194|200|199
cache-086,near_repeat,qt016,How does Kubernetes filter nodes that cannot satisfy a Pod?,2,0,1,0.0009055999107658863,0,1,0.0008853001054376364,0.01625930005684495,0.09988049999810755,0.04014649987220764,4.1400082409381866e-05,0.14006839995272458,0.1776488998439163,188|190|191|189|185
cache-087,near_repeat,qt017,How do Kafka partitions and replicas distribute processing and fault tolerance?,2,0,1,0.0010802000761032104,0,1,0.0009019998833537102,0.015094899805262685,0.09897970012389123,0.032945199869573116,3.8499943912029266e-05,0.13196339993737638,0.1687514998484403,186|185|184|187|199
cache-088,near_repeat,qt018,How is a PostgreSQL standby promoted after primary failure?,2,0,1,0.000929499976336956,0,1,0.0007856001611799002,0.013088899897411466,0.11554029979743063,0.03495120001025498,5.570007488131523e-05,0.15054719988256693,0.18545470014214516,198|196|197|199|187
cache-089,near_repeat,qt019,Why does Kubernetes scheduling rely on CPU and memory requests?,2,0,1,0.0008986000902950764,0,1,0.0007870001718401909,0.014844999881461263,0.12312080012634397,0.04951280006207526,7.020006887614727e-05,0.17270380025729537,0.2109165999572724,188|190|191|189|185
cache-090,near_repeat,qt020,How do Kafka consumer offsets allow replay of retained events?,2,0,1,0.001229599816724658,0,1,0.001376100117340684,0.027433300158008933,0.12273679999634624,0.03356659994460642,3.809994086623192e-05,0.1563414998818189,0.20419459999538958,186|187|185|184|199
cache-091,new_query,qt041,Explain primary-to-standby replication and the failure risk before WAL arrives.,2,0,1,0.0008921001572161913,0,1,0.0011945001315325499,0.02176479995250702,0.09929659985937178,0.035741700092330575,4.229997284710407e-05,0.13508059992454946,0.1712350999005139,197|199|196|198|195
cache-092,new_query,qt042,Explain transaction snapshots together with cleanup of old row versions.,2,0,1,0.0013204999268054962,0,1,0.001331100007519126,0.016190600115805864,0.09661590005271137,0.031574799912050366,3.719981759786606e-05,0.1282278997823596,0.162430000025779,192|193|194|200|195
cache-093,new_query,qt043,Describe Kubernetes node selection and the post-binding startup step.,2,0,1,0.0009278000798076391,0,1,0.0008954999502748251,0.015363499987870455,0.09844319988042116,0.03241989994421601,3.729993477463722e-05,0.1309003997594118,0.16464739991351962,191|188|190|189|185
cache-094,new_query,qt044,Explain Kafka partition scaling and replica placement together.,2,0,1,0.0010140999220311642,0,1,0.0008906999137252569,0.014722600113600492,0.10093869990669191,0.034431399777531624,7.46001023799181e-05,0.13544469978660345,0.17052919999696314,185|186|184|187|200
cache-095,new_query,qt045,Describe both the durability benefit and transaction delay of synchronous replication.,2,0,1,0.0009608999826014042,0,1,0.0008871001191437244,0.016521399840712547,0.11765299993567169,0.038556399988010526,0.00011669984087347984,0.1563260997645557,0.20269479998387396,197|199|196|186|200
cache-096,new_query,qt046,Explain nonblocking reads plus the remaining role of row-level locks.,2,0,1,0.0012366001028567553,0,1,0.0011211000382900238,0.01690679998137057,0.09808059991337359,0.03613659995608032,4.6800123527646065e-05,0.13426399999298155,0.1685097999870777,193|192|195|194|199
cache-097,new_query,qt047,"Explain the combined scheduling effect of taints, tolerations, and affinity.",2,0,1,0.0011747002135962248,0,1,0.00099539989605546,0.016256700037047267,0.09588979999534786,0.03550809994339943,6.440002471208572e-05,0.13146229996345937,0.16751810000278056,190|189|188|186|191
cache-098,new_query,qt048,Explain both consumer-group parallelism and historical event replay.,2,0,1,0.0010671999771147966,0,1,0.0008845999836921692,0.015880900202319026,0.10637410008348525,0.0492380999494344,6.469991058111191e-05,0.15567689994350076,0.19023190019652247,186|185|187|197|184
cache-099,new_query,qt049,Describe standby promotion and the missing automatic failover responsibilities.,2,0,1,0.0008900000248104334,0,1,0.0008777999319136143,0.0198681999463588,0.09969340008683503,0.0339862999971956,3.709993325173855e-05,0.13371680001728237,0.16774990013800561,198|197|199|196|189
cache-100,new_query,qt050,Contrast scheduling requests with container limits.,2,0,1,0.0011659001465886831,0,1,0.0010043000802397728,0.01414490002207458,0.09879840002395213,0.03503839997574687,8.909986354410648e-05,0.1339258998632431,0.1681359000504017,189|190|191|188|186
