trap_type,baseline_questions,baseline_hallucination_rate,baseline_correctness,strict_questions,strict_hallucination_rate,strict_correctness
causal_inference,1,0.0,1,1,1.0,0
false_guarantee,1,1.0,0,1,1.0,0
false_premise,1,1.0,0,1,1.0,0
missing_configuration,3,0.0,0.3333333333333333,3,0.0,0.6666666666666666
missing_fact,2,0.6666666666666666,0,2,0.6666666666666666,0
missing_number,6,0.0,0,6,0.0,0
missing_numeric_fact,1,1.0,0,1,0.0,1
missing_version,3,0.25,0,3,0.0,0.3333333333333333
out_of_domain,2,0.0,1,2,0.0,1
