stage,chunks,pass,query_id,vector_ms,lexical_ms,hybrid_ms,hybrid_vector_ms,hybrid_lexical_ms,fusion_ms
S3,100000,first_pass,1,84.9177,19.9112,52.5706,37.9826,14.5281,0.0478
S3,100000,first_pass,2,43.0993,15.2153,51.8222,36.5997,15.1787,0.0312
S3,100000,first_pass,3,36.8877,14.9623,55.2005,39.5523,15.6179,0.0221
S3,100000,first_pass,4,34.7057,13.8139,49.222,35.9265,13.2586,0.0261
S3,100000,first_pass,5,34.1915,14.8316,49.7911,35.0746,14.664,0.0412
S3,100000,first_pass,6,36.1356,15.7693,50.272,35.7339,14.4955,0.0342
S3,100000,first_pass,7,34.2995,14.1351,51.7273,37.1297,14.5534,0.0366
S3,100000,first_pass,8,37.5944,15.5031,52.6327,38.4287,14.167,0.0304
S3,100000,first_pass,9,38.2868,16.2681,70.4192,54.8745,15.5111,0.0276
S3,100000,first_pass,10,47.4171,15.7057,61.8708,45.7888,16.055,0.021
S3,100000,first_pass,11,44.4591,16.6784,62.185,46.0314,16.1016,0.0421
S3,100000,first_pass,12,46.0604,15.1136,59.2024,44.8026,14.3569,0.0357
S3,100000,first_pass,13,44.3873,17.03,63.8477,47.5102,16.2989,0.031
S3,100000,first_pass,14,50.1201,16.3886,61.9627,46.8498,15.0816,0.0254
S3,100000,first_pass,15,45.9677,16.3847,61.9827,46.472,15.4707,0.033
S3,100000,first_pass,16,47.6319,16.8511,66.3782,49.751,16.5866,0.0326
S3,100000,first_pass,17,49.9398,16.6931,60.1944,45.1971,14.9648,0.0261
S3,100000,first_pass,18,49.8133,15.6436,62.1668,46.3569,15.76,0.0432
S3,100000,first_pass,19,46.0396,17.2195,68.4911,53.7982,14.6301,0.0503
S3,100000,first_pass,20,47.0548,15.776,65.4216,49.1455,16.2471,0.0224
S3,100000,first_pass,21,48.5507,17.4571,68.2526,50.9345,17.2713,0.0394
S3,100000,first_pass,22,51.2342,17.4331,68.322,50.7671,17.5147,0.0318
S3,100000,first_pass,23,53.2726,17.135,78.9817,56.2712,22.6588,0.0406
S3,100000,first_pass,24,66.804,24.3246,102.5449,73.1805,29.295,0.053
S3,100000,first_pass,25,101.3881,17.6868,58.8307,44.325,14.4709,0.0274
S3,100000,first_pass,26,37.9708,15.1383,50.611,36.3982,14.1833,0.024
S3,100000,first_pass,27,35.4462,14.1955,47.5272,33.3194,14.1715,0.03
S3,100000,first_pass,28,36.8379,13.609,47.4222,34.5509,12.8303,0.0319
S3,100000,first_pass,29,35.7936,14.0565,49.2607,35.0762,14.1368,0.0391
S3,100000,first_pass,30,38.6237,14.1114,48.7422,34.8652,13.8474,0.0228
S3,100000,first_pass,31,41.1126,13.727,48.8213,35.5713,13.2214,0.0226
S3,100000,first_pass,32,34.9843,14.1681,49.8315,35.2736,14.527,0.024
S3,100000,first_pass,33,35.7767,29.7762,109.9202,95.292,14.5892,0.0297
S3,100000,first_pass,34,37.1078,14.4127,52.3752,37.6757,14.6666,0.0232
S3,100000,first_pass,35,38.83,14.9548,51.6026,37.5685,13.9993,0.0273
S3,100000,first_pass,36,36.9316,13.5076,50.4011,36.9677,13.3921,0.0342
S3,100000,first_pass,37,35.8175,14.5677,48.613,33.9997,14.5683,0.0353
S3,100000,first_pass,38,35.7822,13.7063,48.668,34.1926,14.4298,0.0385
S3,100000,first_pass,39,34.3235,16.0589,61.6299,45.4591,16.1422,0.0231
S3,100000,first_pass,40,61.5932,17.6219,71.6439,56.4939,15.1014,0.0412
S3,100000,first_pass,41,39.0141,14.4837,50.6748,35.955,14.6883,0.0257
S3,100000,first_pass,42,33.8363,13.9748,47.2048,33.2234,13.9524,0.0232
S3,100000,first_pass,43,35.1586,13.7871,50.6892,34.9717,15.6661,0.0429
S3,100000,first_pass,44,40.3119,13.6263,49.6839,36.3492,13.2599,0.0642
S3,100000,first_pass,45,35.1773,14.8011,49.1637,35.3967,13.7286,0.0309
S3,100000,first_pass,46,36.1482,14.272,51.0189,37.2269,13.7494,0.0358
S3,100000,first_pass,47,33.3913,13.7936,49.5058,34.923,14.5324,0.0402
S3,100000,first_pass,48,34.6103,13.8665,48.7348,34.813,13.891,0.0233
S3,100000,first_pass,49,35.3843,15.014,58.1466,43.4256,14.6772,0.0359
S3,100000,first_pass,50,34.2827,14.3973,52.2876,38.1726,14.0519,0.0567
S3,100000,warm_repeat,1,35.0326,14.9745,51.5861,37.8576,13.6976,0.0254
S3,100000,warm_repeat,2,37.0305,15.1676,55.0752,39.8993,15.1352,0.0343
S3,100000,warm_repeat,3,40.9022,15.2145,51.4141,36.2643,15.1182,0.0241
S3,100000,warm_repeat,4,34.5404,13.498,47.9064,34.4418,13.4322,0.0268
S3,100000,warm_repeat,5,34.6009,14.2073,50.7933,36.591,14.148,0.0461
S3,100000,warm_repeat,6,34.7779,14.8592,49.5003,35.7181,13.7538,0.0224
S3,100000,warm_repeat,7,35.3831,14.6736,51.6682,36.429,15.1841,0.0466
S3,100000,warm_repeat,8,35.1066,14.4241,49.6693,34.9888,14.6273,0.045
S3,100000,warm_repeat,9,36.5633,13.7801,50.7867,36.3641,14.3773,0.0363
S3,100000,warm_repeat,10,35.671,14.139,62.9036,47.2851,15.5757,0.0339
S3,100000,warm_repeat,11,39.1924,14.0433,51.7129,37.7239,13.9467,0.0339
S3,100000,warm_repeat,12,36.2682,14.2704,50.7776,37.325,13.413,0.0318
S3,100000,warm_repeat,13,36.6909,14.8139,53.2046,38.3498,14.806,0.0406
S3,100000,warm_repeat,14,33.9689,14.7203,49.2914,35.0838,14.1761,0.0239
S3,100000,warm_repeat,15,34.6053,14.7036,49.1897,35.3811,13.7595,0.0412
S3,100000,warm_repeat,16,35.1144,14.795,49.6841,35.468,14.1768,0.0321
S3,100000,warm_repeat,17,34.1761,14.3297,48.6261,34.2431,14.3514,0.0244
S3,100000,warm_repeat,18,33.1963,14.0409,49.2688,34.9115,14.3273,0.0234
S3,100000,warm_repeat,19,35.6307,14.2845,49.0082,34.0772,14.8807,0.0412
S3,100000,warm_repeat,20,34.4742,13.5223,49.9237,35.2558,14.6353,0.0245
S3,100000,warm_repeat,21,34.7219,14.4461,51.6007,35.8832,15.6882,0.0233
S3,100000,warm_repeat,22,36.2655,14.1427,48.2524,34.4574,13.7659,0.0219
S3,100000,warm_repeat,23,34.0586,15.6564,49.7598,35.4243,14.3065,0.0218
S3,100000,warm_repeat,24,35.3314,14.8626,49.5126,35.0723,14.3909,0.0402
S3,100000,warm_repeat,25,35.0333,14.3724,49.188,35.3043,13.8337,0.0411
S3,100000,warm_repeat,26,35.4514,15.0576,50.5155,36.3219,14.16,0.0261
S3,100000,warm_repeat,27,35.1616,13.9273,48.7166,34.0908,14.5956,0.0241
S3,100000,warm_repeat,28,35.3708,13.6176,53.4281,39.3563,14.0293,0.0343
S3,100000,warm_repeat,29,35.3636,14.6905,50.7653,36.591,14.1441,0.0224
S3,100000,warm_repeat,30,36.6152,14.6695,50.0082,35.2399,14.7196,0.0398
S3,100000,warm_repeat,31,35.2852,13.8277,52.0846,37.2927,14.7621,0.0229
S3,100000,warm_repeat,32,36.1685,14.8147,50.3354,35.5614,14.7419,0.0244
S3,100000,warm_repeat,33,34.1059,14.7265,48.4817,34.9836,13.4595,0.0323
S3,100000,warm_repeat,34,35.5883,14.5354,49.9823,35.6612,14.2903,0.023
S3,100000,warm_repeat,35,34.3105,15.7648,49.326,34.9848,14.3116,0.0226
S3,100000,warm_repeat,36,35.4333,13.4479,48.5423,35.1296,13.3679,0.0356
S3,100000,warm_repeat,37,36.4071,13.8327,49.1618,35.0228,14.1083,0.024
S3,100000,warm_repeat,38,34.8387,14.5527,49.2734,34.6523,14.5906,0.023
S3,100000,warm_repeat,39,35.5925,14.1638,49.2515,35.1221,14.0975,0.0254
S3,100000,warm_repeat,40,37.9102,14.5548,51.663,37.4839,14.1477,0.0244
S3,100000,warm_repeat,41,37.1858,14.1577,56.2291,40.606,15.5929,0.0237
S3,100000,warm_repeat,42,36.687,14.4099,51.0737,36.5194,14.5273,0.0213
S3,100000,warm_repeat,43,36.2358,14.2186,48.3113,34.556,13.7085,0.039
S3,100000,warm_repeat,44,35.8587,13.4941,49.5086,36.2996,13.1792,0.0225
S3,100000,warm_repeat,45,34.1614,13.8559,48.9147,34.8077,14.0762,0.0225
S3,100000,warm_repeat,46,47.8352,15.0062,52.9767,39.2535,13.6935,0.0223
S3,100000,warm_repeat,47,37.2207,14.5961,55.9456,41.9822,13.9156,0.04
S3,100000,warm_repeat,48,36.8206,14.494,53.7541,36.5153,17.1803,0.0496
S3,100000,warm_repeat,49,37.031,14.8435,50.476,36.3556,14.091,0.023
S3,100000,warm_repeat,50,36.9547,16.448,50.3465,36.3439,13.9525,0.0411
