strategy,query_type,questions,mean_context_tokens,mean_removed_tokens,mean_compression_ratio,relevant_source_retention,mean_unique_sources,mean_relevant_evidence_density_proxy,mean_optimization_seconds
full,DIRECT,10,389.3,0,0.0,1,2,1.0060665521902807,0.006486360030248761
deduplicated,DIRECT,10,389.3,0,0.0,1,2,1.0060665521902807,0.08326248999219388
extractive,DIRECT,10,236.2,153.1,0.39060113366561094,1,2,1.659842085861593,0.29478788999840616
budgeted,DIRECT,10,231.8,157.5,0.40191218765018677,1,2,1.6887476173292058,0.2920070399763063
full,PARAPHRASE,10,426.9,0,0.0,1,2.3,0.6619945851819095,0.007622270053252578
deduplicated,PARAPHRASE,10,426.9,0,0.0,1,2.3,0.6619945851819095,0.08935967001598329
extractive,PARAPHRASE,10,261,165.9,0.39107928186421964,1,2.3,1.113381922325316,0.31552206999622284
budgeted,PARAPHRASE,10,236.9,190,0.44387603385751717,0.9,2.1,1.153505242986114,0.31136809999588877
full,VAGUE,10,398.9,0,0.0,1,2.2,0.8008889815856619,0.006655939971096814
deduplicated,VAGUE,10,398.9,0,0.0,1,2.2,0.8008889815856619,0.08241061998996883
extractive,VAGUE,10,215.1,183.8,0.4603122762355102,1,2.2,1.5038820883205126,0.30205957996658983
budgeted,VAGUE,10,215.1,183.8,0.4603122762355102,1,2.2,1.5038820883205126,0.2972943099681288
full,EXACT_IDENTIFIER,10,396.8,0,0.0,1,2.2,0.8461545372262125,0.006268389988690615
deduplicated,EXACT_IDENTIFIER,10,396.8,0,0.0,1,2.2,0.8461545372262125,0.08029463000129908
extractive,EXACT_IDENTIFIER,10,227.6,169.2,0.42693578289511486,1,2.2,1.4993253155577873,0.29566162996925416
budgeted,EXACT_IDENTIFIER,10,221,175.8,0.44323759936194207,1,2.2,1.5297619178242727,0.2922498799627647
full,MULTI_PART,10,398.4,0,0.0,1,2.1,0.9643532916464681,0.006832349952310324
deduplicated,MULTI_PART,10,398.4,0,0.0,1,2.1,0.9643532916464681,0.08624993001576513
extractive,MULTI_PART,10,242.7,155.7,0.39092008178454113,1,2.1,1.611316539708909,0.3062812600051984
budgeted,MULTI_PART,10,228.7,169.7,0.42495057834007494,1,2,1.6786446797663857,0.3099689300172031
