sweep,value,questions,mean_context_tokens,mean_removed_tokens,mean_compression_ratio,relevant_source_retention,mean_unique_sources,mean_relevant_evidence_density_proxy,mean_optimization_seconds
threshold,0.85,50,378.16,23.9,0.05816933695674679,1,2.16,0.8396182444585457,0.08251906198915095
threshold,0.9,50,402.06,0,0.0,1,2.16,0.8558915895661066,0.08430569598451257
threshold,0.92,50,402.06,0,0.0,1,2.16,0.8558915895661066,0.08293678198941051
threshold,0.95,50,402.06,0,0.0,1,2.16,0.8558915895661066,0.0831751080043614
ratio,1.0,50,402.06,0,0.0,1,2.16,0.8558915895661066,0.08131444601807743
ratio,0.75,50,344.76,57.3,0.14210611358007816,1,2.16,0.9955671585057349,0.30341340801212935
ratio,0.5,50,236.52,165.54,0.41196971128899934,1,2.16,1.4775495903548235,0.3073655039817095
ratio,0.25,50,157.22,244.84,0.6084220479619835,1,2.16,2.2468219794533573,0.30412016400136055
budget,250,50,226.7,175.36,0.43485773508904624,0.98,2.1,1.5109083092452982,0.30584258996881547
budget,500,50,236.52,165.54,0.41196971128899934,1,2.16,1.4775495903548235,0.30670626600272954
budget,750,50,236.52,165.54,0.41196971128899934,1,2.16,1.4775495903548235,0.41689967597369104
budget,1000,50,236.52,165.54,0.41196971128899934,1,2.16,1.4775495903548235,0.3014257280062884
budget,1500,50,236.52,165.54,0.41196971128899934,1,2.16,1.4775495903548235,0.30780363400001076
budget,2000,50,236.52,165.54,0.41196971128899934,1,2.16,1.4775495903548235,0.42756144000217317
neighbor_window,0,50,236.52,165.54,0.41196971128899934,1,2.16,1.4775495903548235,0.2989753499953076
neighbor_window,1,50,378,24.06,0.05931702819323359,1,2.16,0.9100260028514392,0.320886271991767
