id,query_type,question,answerable,vector_hit_at_20,lexical_hit_at_20,union_candidate_hit,lexical_rescue,semantic_rescue,vector_hit_at_1,vector_hit_at_5,vector_mrr,lexical_hit_at_1,lexical_hit_at_5,lexical_mrr,rrf_hit_at_1,rrf_hit_at_5,rrf_mrr,vector_reranked_hit_at_1,vector_reranked_hit_at_5,vector_reranked_mrr,hybrid_reranked_hit_at_1,hybrid_reranked_hit_at_5,hybrid_reranked_mrr,vector_sources,lexical_sources,rrf_sources,hybrid_reranked_sources,vector_seconds,lexical_seconds,fusion_seconds,vector_rerank_seconds,hybrid_rerank_seconds,vector_reranked_seconds,rrf_seconds,hybrid_reranked_seconds
q101,semantic,How are database changes conveyed from a PostgreSQL primary to its backup server?,True,1,0,1,0,1,1,1,1.0,0,0,0.0,1,1,1.0,1,1,1.0,1,1,1.0,postgres-replication.md|postgres-replication.md|postgres-replication.md|postgres-replication.md|postgres-mvcc.md,,postgres-replication.md|postgres-replication.md|postgres-replication.md|postgres-replication.md|postgres-mvcc.md,postgres-replication.md|postgres-mvcc.md|kafka-overview.md|postgres-replication.md|postgres-mvcc.md,0.08329880004748702,0.04881279997061938,9.220000356435776e-05,0.5417488999664783,0.3581345999846235,0.6250477000139654,0.13220380002167076,0.49033840000629425
q102,semantic,Why might the newest committed transactions disappear after a primary database failure?,True,1,0,1,0,1,1,1,1.0,0,0,0.0,1,1,1.0,1,1,1.0,1,1,1.0,postgres-replication.md|postgres-replication.md|postgres-replication.md|postgres-mvcc.md|postgres-mvcc.md,,postgres-replication.md|postgres-replication.md|postgres-replication.md|postgres-mvcc.md|postgres-mvcc.md,postgres-replication.md|postgres-replication.md|postgres-mvcc.md|postgres-mvcc.md|postgres-replication.md,0.0934198999311775,0.06804939999710768,8.9599983766675e-05,0.36804580001626164,0.35630179999861866,0.46146569994743913,0.16155889991205186,0.5178606999106705
q103,semantic,What availability step turns a recovery server into a writable database?,True,1,0,1,0,1,1,1,1.0,0,0,0.0,1,1,1.0,1,1,1.0,1,1,1.0,postgres-replication.md|postgres-replication.md|postgres-replication.md|postgres-replication.md|postgres-mvcc.md,,postgres-replication.md|postgres-replication.md|postgres-replication.md|postgres-replication.md|postgres-mvcc.md,postgres-replication.md|postgres-mvcc.md|postgres-mvcc.md|postgres-replication.md|postgres-replication.md,0.08342120004817843,0.05148140003439039,7.700000423938036e-05,0.3483855000231415,0.3411032999865711,0.43180670007131994,0.1349796000868082,0.4760829000733793
q104,semantic,Why can a disconnected replication consumer fill the primary's disk?,True,1,0,1,0,1,1,1,1.0,0,0,0.0,1,1,1.0,1,1,1.0,1,1,1.0,postgres-replication.md|postgres-replication.md|kafka-overview.md|kafka-overview.md|postgres-replication.md,,postgres-replication.md|postgres-replication.md|kafka-overview.md|kafka-overview.md|postgres-replication.md,postgres-replication.md|postgres-replication.md|kafka-overview.md|kafka-overview.md|postgres-replication.md,0.07463749998714775,0.06281749997287989,8.350005373358727e-05,0.3722455999813974,0.34460950002539903,0.44688309996854514,0.13753850001376122,0.48214800003916025
q105,semantic,How does table-level change publishing differ from copying a whole database cluster?,True,1,0,1,0,1,1,1,1.0,0,0,0.0,1,1,1.0,1,1,1.0,1,1,1.0,postgres-replication.md|postgres-replication.md|postgres-replication.md|postgres-mvcc.md|kafka-overview.md,,postgres-replication.md|postgres-replication.md|postgres-replication.md|postgres-mvcc.md|kafka-overview.md,postgres-replication.md|postgres-replication.md|kafka-overview.md|postgres-mvcc.md|postgres-mvcc.md,0.07651660009287298,0.05443199991714209,0.00010259996633976698,0.3582842000760138,0.36289929994381964,0.4348008001688868,0.13105119997635484,0.4939504999201745
q106,semantic,How can database readers observe older data while another transaction updates it?,True,1,0,1,0,1,1,1,1.0,0,0,0.0,1,1,1.0,1,1,1.0,1,1,1.0,postgres-mvcc.md|postgres-mvcc.md|kafka-overview.md|postgres-mvcc.md|postgres-mvcc.md,,postgres-mvcc.md|postgres-mvcc.md|kafka-overview.md|postgres-mvcc.md|postgres-mvcc.md,postgres-mvcc.md|postgres-mvcc.md|postgres-mvcc.md|kafka-overview.md|postgres-mvcc.md,0.08809580001980066,0.06199139996897429,9.780004620552063e-05,0.45711239997763187,0.3931514999130741,0.5452081999974325,0.15018500003498048,0.5433364999480546
q107,semantic,Why do reads and writes usually proceed concurrently in PostgreSQL?,True,1,0,1,0,1,1,1,1.0,0,0,0.0,1,1,1.0,1,1,1.0,1,1,1.0,postgres-mvcc.md|postgres-mvcc.md|postgres-replication.md|postgres-mvcc.md|postgres-replication.md,,postgres-mvcc.md|postgres-mvcc.md|postgres-replication.md|postgres-mvcc.md|postgres-replication.md,postgres-mvcc.md|postgres-mvcc.md|postgres-replication.md|postgres-replication.md|postgres-mvcc.md,0.089997100061737,0.06285719992592931,9.570003021508455e-05,0.4080505999736488,0.3678475000197068,0.4980477000353858,0.1529500000178814,0.5207975000375882
q108,semantic,How does transaction isolation change when a fresh visibility view is acquired?,True,1,0,1,0,1,1,1,1.0,0,0,0.0,1,1,1.0,1,1,1.0,1,1,1.0,postgres-mvcc.md|postgres-mvcc.md|postgres-mvcc.md|postgres-mvcc.md|postgres-replication.md,,postgres-mvcc.md|postgres-mvcc.md|postgres-mvcc.md|postgres-mvcc.md|postgres-replication.md,postgres-mvcc.md|postgres-mvcc.md|postgres-mvcc.md|postgres-replication.md|postgres-replication.md,0.08356239995919168,0.06066449999343604,0.00015919993165880442,0.42860089999157935,0.40385750005953014,0.512163299950771,0.14438609988428652,0.5482435999438167
q109,semantic,What background maintenance prevents obsolete tuples from accumulating indefinitely?,True,1,0,1,0,1,1,1,1.0,0,0,0.0,1,1,1.0,1,1,1.0,1,1,1.0,postgres-mvcc.md|postgres-replication.md|postgres-replication.md|postgres-mvcc.md|postgres-mvcc.md,,postgres-mvcc.md|postgres-replication.md|postgres-replication.md|postgres-mvcc.md|postgres-mvcc.md,postgres-mvcc.md|postgres-replication.md|postgres-mvcc.md|kafka-overview.md|kafka-overview.md,0.13842100009787828,0.05527069990057498,7.790001109242439e-05,0.36890870006754994,0.3519487999146804,0.5073297001654282,0.19376960000954568,0.5457183999242261
q110,semantic,Why is row visibility control different from sending changes to another server?,True,1,0,1,0,1,1,1,1.0,0,0,0.0,1,1,1.0,1,1,1.0,1,1,1.0,postgres-mvcc.md|postgres-mvcc.md|postgres-mvcc.md|postgres-mvcc.md|postgres-replication.md,,postgres-mvcc.md|postgres-mvcc.md|postgres-mvcc.md|postgres-mvcc.md|postgres-replication.md,postgres-mvcc.md|postgres-mvcc.md|postgres-mvcc.md|postgres-mvcc.md|postgres-replication.md,0.06536429992411286,0.051231599994935095,7.24999699741602e-05,0.35261559998616576,0.3501268000109121,0.4179798999102786,0.11666839988902211,0.46679519989993423
q111,semantic,What process decides which worker machine receives a newly created workload?,True,1,0,1,0,1,1,1,1.0,0,0,0.0,1,1,1.0,1,1,1.0,1,1,1.0,kubernetes-scheduling.md|kubernetes-scheduling.md|kubernetes-scheduling.md|postgres-replication.md|kafka-overview.md,,kubernetes-scheduling.md|kubernetes-scheduling.md|kubernetes-scheduling.md|postgres-replication.md|kafka-overview.md,kubernetes-scheduling.md|kubernetes-scheduling.md|kubernetes-scheduling.md|kafka-overview.md|postgres-mvcc.md,0.07512289995793253,0.05024990008678287,7.969990838319063e-05,0.36121680005453527,0.36587929993402213,0.4363397000124678,0.1254524999530986,0.4913317998871207
q112,semantic,Why might a cluster machine be rejected before workload placement scores are calculated?,True,1,0,1,0,1,1,1,1.0,0,0,0.0,1,1,1.0,1,1,1.0,1,1,1.0,kubernetes-scheduling.md|kubernetes-scheduling.md|kubernetes-scheduling.md|kubernetes-scheduling.md|postgres-replication.md,,kubernetes-scheduling.md|kubernetes-scheduling.md|kubernetes-scheduling.md|kubernetes-scheduling.md|postgres-replication.md,kubernetes-scheduling.md|kubernetes-scheduling.md|kubernetes-scheduling.md|kafka-overview.md|kafka-overview.md,0.07455710007343441,0.053837799932807684,6.960006430745125e-05,0.3564293999224901,0.36757890006992966,0.43098649999592453,0.12846450007054955,0.4960434001404792
q113,semantic,How are feasible Kubernetes machines ranked for placement?,True,1,0,1,0,1,1,1,1.0,0,0,0.0,1,1,1.0,1,1,1.0,1,1,1.0,kubernetes-scheduling.md|kubernetes-scheduling.md|kubernetes-scheduling.md|kubernetes-scheduling.md|kafka-overview.md,,kubernetes-scheduling.md|kubernetes-scheduling.md|kubernetes-scheduling.md|kubernetes-scheduling.md|kafka-overview.md,kubernetes-scheduling.md|kubernetes-scheduling.md|kubernetes-scheduling.md|kubernetes-scheduling.md|kafka-overview.md,0.07245149998925626,0.05372740002349019,7.319997530430555e-05,0.3428587999660522,0.3531253000255674,0.41531029995530844,0.12625209998805076,0.47937740001361817
q114,semantic,Which component starts containers after placement has been recorded?,True,1,0,1,0,1,1,1,1.0,0,0,0.0,1,1,1.0,1,1,1.0,1,1,1.0,kubernetes-scheduling.md|kubernetes-scheduling.md|postgres-replication.md|kafka-overview.md|postgres-mvcc.md,,kubernetes-scheduling.md|kubernetes-scheduling.md|postgres-replication.md|kafka-overview.md|postgres-mvcc.md,kubernetes-scheduling.md|kubernetes-scheduling.md|kubernetes-scheduling.md|kubernetes-scheduling.md|kafka-overview.md,0.08012820000294596,0.05217629997059703,7.98000255599618e-05,0.34765140002127737,0.34443329996429384,0.4277796000242233,0.13238429999910295,0.4768175999633968
q115,semantic,How can a workload prefer labeled machines or avoid unsuitable ones?,True,1,0,1,0,1,1,1,1.0,0,0,0.0,1,1,1.0,1,1,1.0,1,1,1.0,kubernetes-scheduling.md|kubernetes-scheduling.md|kubernetes-scheduling.md|postgres-replication.md|kafka-overview.md,,kubernetes-scheduling.md|kubernetes-scheduling.md|kubernetes-scheduling.md|postgres-replication.md|kafka-overview.md,kubernetes-scheduling.md|kubernetes-scheduling.md|kafka-overview.md|kubernetes-scheduling.md|postgres-replication.md,0.07564040005672723,0.053628899971954525,0.00010009994730353355,0.3633976000128314,0.3651730000274256,0.4390380000695586,0.1293693999759853,0.4945424000034109
q116,semantic,What platform lets producers and consumers exchange persistent ordered event streams?,True,1,0,1,0,1,1,1,1.0,0,0,0.0,1,1,1.0,1,1,1.0,1,1,1.0,kafka-overview.md|kafka-overview.md|kafka-overview.md|postgres-replication.md|postgres-replication.md,,kafka-overview.md|kafka-overview.md|kafka-overview.md|postgres-replication.md|postgres-replication.md,kafka-overview.md|kafka-overview.md|postgres-replication.md|kafka-overview.md|kafka-overview.md,0.06985139998141676,0.05702170007862151,0.00011119991540908813,0.3748127000872046,0.3546087999129668,0.44466410006862134,0.12698429997544736,0.48159309988841414
q117,semantic,How can multiple consumers split work while preserving order within each shard?,True,1,0,1,0,1,1,1,1.0,0,0,0.0,1,1,1.0,1,1,1.0,1,1,1.0,kafka-overview.md|kafka-overview.md|kafka-overview.md|kubernetes-scheduling.md|postgres-replication.md,,kafka-overview.md|kafka-overview.md|kafka-overview.md|kubernetes-scheduling.md|postgres-replication.md,kafka-overview.md|kafka-overview.md|kafka-overview.md|postgres-replication.md|postgres-mvcc.md,0.08389120001811534,0.06384700001217425,8.729996625334024e-05,0.36975900002289563,0.37998179998248816,0.453650200041011,0.14782549999654293,0.5278072999790311
q118,semantic,What lets an application reread older events it processed previously?,True,1,0,1,0,1,1,1,1.0,0,0,0.0,1,1,1.0,1,1,1.0,1,1,1.0,kafka-overview.md|kafka-overview.md|postgres-mvcc.md|postgres-mvcc.md|postgres-mvcc.md,,kafka-overview.md|kafka-overview.md|postgres-mvcc.md|postgres-mvcc.md|postgres-mvcc.md,kafka-overview.md|kafka-overview.md|postgres-mvcc.md|postgres-mvcc.md|kafka-overview.md,0.08142320008482784,0.060881500015966594,0.0001058999914675951,0.39948979998007417,0.4154547000071034,0.480913000064902,0.14241060009226203,0.5578653000993654
q119,semantic,How does an event-log cluster continue serving a shard after its active broker fails?,True,1,0,1,0,1,1,1,1.0,0,0,0.0,1,1,1.0,1,1,1.0,1,1,1.0,kafka-overview.md|kafka-overview.md|kafka-overview.md|kafka-overview.md|postgres-replication.md,,kafka-overview.md|kafka-overview.md|kafka-overview.md|kafka-overview.md|postgres-replication.md,kafka-overview.md|kafka-overview.md|kafka-overview.md|kafka-overview.md|postgres-replication.md,0.08557090000249445,0.05428559996653348,8.310005068778992e-05,0.3801208999939263,0.36869729997124523,0.46569179999642074,0.13993960001971573,0.508636899990961
q120,semantic,Why can separate applications independently consume the same event history?,True,1,0,1,0,1,1,1,1.0,0,0,0.0,1,1,1.0,1,1,1.0,1,1,1.0,kafka-overview.md|kafka-overview.md|kafka-overview.md|postgres-mvcc.md|postgres-replication.md,,kafka-overview.md|kafka-overview.md|kafka-overview.md|postgres-mvcc.md|postgres-replication.md,kafka-overview.md|kafka-overview.md|kubernetes-scheduling.md|postgres-replication.md|kafka-overview.md,0.07329219998791814,0.04957029991783202,0.00011090002954006195,0.36589250003453344,0.351763500017114,0.4391847000224516,0.12297339993529022,0.4747368999524042
q121,lexical,WAL,True,1,1,1,0,0,0,1,0.5,1,1,1.0,1,1,1.0,1,1,1.0,1,1,1.0,postgres-mvcc.md|postgres-replication.md|postgres-replication.md|postgres-replication.md|postgres-mvcc.md,postgres-replication.md|postgres-replication.md|kafka-overview.md|postgres-mvcc.md|postgres-mvcc.md,postgres-replication.md|postgres-mvcc.md|postgres-replication.md|postgres-replication.md|postgres-mvcc.md,postgres-replication.md|postgres-mvcc.md|postgres-replication.md|kafka-overview.md|postgres-replication.md,0.06981610006187111,0.050702800042927265,8.390005677938461e-05,0.3293050999054685,0.31894530006684363,0.39912119996733963,0.12060280016157776,0.4395481002284214
q122,lexical,MVCC,True,1,1,1,0,0,1,1,1.0,1,1,1.0,1,1,1.0,1,1,1.0,1,1,1.0,postgres-mvcc.md|postgres-mvcc.md|postgres-mvcc.md|postgres-mvcc.md|kafka-overview.md,postgres-mvcc.md|postgres-mvcc.md|postgres-mvcc.md|postgres-mvcc.md,postgres-mvcc.md|postgres-mvcc.md|postgres-mvcc.md|postgres-mvcc.md|kafka-overview.md,postgres-mvcc.md|postgres-mvcc.md|postgres-mvcc.md|postgres-mvcc.md|kafka-overview.md,0.06713770003989339,0.06596799998078495,8.150003850460052e-05,0.3141733999364078,0.31933590001426637,0.3813110999763012,0.13318720005918294,0.4525231000734493
q123,lexical,Read Committed,True,1,1,1,0,0,1,1,1.0,1,1,1.0,1,1,1.0,1,1,1.0,1,1,1.0,postgres-mvcc.md|postgres-mvcc.md|postgres-replication.md|postgres-replication.md|postgres-replication.md,postgres-mvcc.md|postgres-mvcc.md,postgres-mvcc.md|postgres-mvcc.md|postgres-replication.md|postgres-replication.md|postgres-replication.md,postgres-mvcc.md|postgres-mvcc.md|postgres-replication.md|postgres-replication.md|kafka-overview.md,0.06846850004512817,0.049357400042936206,7.329997606575489e-05,0.31556910008657724,0.3239968999987468,0.3840376001317054,0.11789920006413013,0.44189610006287694
q124,lexical,Repeatable Read,True,1,1,1,0,0,1,1,1.0,1,1,1.0,1,1,1.0,1,1,1.0,1,1,1.0,postgres-mvcc.md|kafka-overview.md|postgres-replication.md|postgres-mvcc.md|kafka-overview.md,postgres-mvcc.md,postgres-mvcc.md|kafka-overview.md|postgres-replication.md|postgres-mvcc.md|kafka-overview.md,postgres-mvcc.md|kafka-overview.md|postgres-mvcc.md|postgres-replication.md|postgres-replication.md,0.06770620006136596,0.05170760001055896,0.00010009994730353355,0.32853489997796714,0.3246640000725165,0.3962411000393331,0.11951390001922846,0.44417790009174496
q125,lexical,VACUUM,True,1,1,1,0,0,1,1,1.0,1,1,1.0,1,1,1.0,1,1,1.0,1,1,1.0,postgres-mvcc.md|kafka-overview.md|kubernetes-scheduling.md|kafka-overview.md|postgres-replication.md,postgres-mvcc.md,postgres-mvcc.md|kafka-overview.md|kubernetes-scheduling.md|kafka-overview.md|postgres-replication.md,postgres-mvcc.md|kubernetes-scheduling.md|postgres-replication.md|kubernetes-scheduling.md|kafka-overview.md,0.06685799988918006,0.05783310008700937,9.519990999251604e-05,0.3496354999952018,0.35033170005772263,0.4164934998843819,0.12478629988618195,0.4751179999439046
q126,lexical,autovacuum,True,1,1,1,0,0,1,1,1.0,1,1,1.0,1,1,1.0,1,1,1.0,1,1,1.0,postgres-mvcc.md|kafka-overview.md|kafka-overview.md|kafka-overview.md|postgres-replication.md,postgres-mvcc.md,postgres-mvcc.md|kafka-overview.md|kafka-overview.md|kafka-overview.md|postgres-replication.md,postgres-mvcc.md|kafka-overview.md|kafka-overview.md|kafka-overview.md|kubernetes-scheduling.md,0.07317890005651861,0.05156379996333271,8.359993807971478e-05,0.3310275000985712,0.3229669000720605,0.4042064001550898,0.12482629995793104,0.44779320002999157
q127,lexical,transaction ID wraparound,True,1,1,1,0,0,0,1,0.5,1,1,1.0,1,1,1.0,1,1,1.0,1,1,1.0,postgres-replication.md|postgres-mvcc.md|postgres-replication.md|postgres-mvcc.md|postgres-mvcc.md,postgres-mvcc.md,postgres-mvcc.md|postgres-replication.md|postgres-mvcc.md|postgres-replication.md|postgres-mvcc.md,postgres-mvcc.md|postgres-mvcc.md|postgres-mvcc.md|postgres-replication.md|postgres-replication.md,0.0750726000405848,0.04628029989544302,9.360001422464848e-05,0.3295306999934837,0.31884780002292246,0.4046033000340685,0.12144649995025247,0.44029429997317493
q128,lexical,node affinity,True,1,1,1,0,0,1,1,1.0,1,1,1.0,1,1,1.0,1,1,1.0,1,1,1.0,kubernetes-scheduling.md|kubernetes-scheduling.md|kubernetes-scheduling.md|kubernetes-scheduling.md|kafka-overview.md,kubernetes-scheduling.md|kubernetes-scheduling.md|kubernetes-scheduling.md,kubernetes-scheduling.md|kubernetes-scheduling.md|kubernetes-scheduling.md|kubernetes-scheduling.md|kafka-overview.md,kubernetes-scheduling.md|kubernetes-scheduling.md|kubernetes-scheduling.md|kubernetes-scheduling.md|kafka-overview.md,0.06562669994309545,0.053135800058953464,8.559995330870152e-05,0.3224952999735251,0.3240656000562012,0.38812199991662055,0.11884809995535761,0.44291370001155883
q129,lexical,Pod affinity,True,1,1,1,0,0,1,1,1.0,1,1,1.0,1,1,1.0,1,1,1.0,1,1,1.0,kubernetes-scheduling.md|kubernetes-scheduling.md|kubernetes-scheduling.md|kubernetes-scheduling.md|kafka-overview.md,kubernetes-scheduling.md|kubernetes-scheduling.md,kubernetes-scheduling.md|kubernetes-scheduling.md|kubernetes-scheduling.md|kubernetes-scheduling.md|kafka-overview.md,kubernetes-scheduling.md|kubernetes-scheduling.md|kubernetes-scheduling.md|kubernetes-scheduling.md|kafka-overview.md,0.06731489999219775,0.04967490001581609,7.329997606575489e-05,0.3187091000145301,0.32676920003723353,0.3860240000067279,0.1170630999840796,0.44383230002131313
q130,lexical,kubelet,True,1,1,1,0,0,1,1,1.0,1,1,1.0,1,1,1.0,1,1,1.0,1,1,1.0,kubernetes-scheduling.md|kubernetes-scheduling.md|kubernetes-scheduling.md|kafka-overview.md|kafka-overview.md,kubernetes-scheduling.md,kubernetes-scheduling.md|kubernetes-scheduling.md|kubernetes-scheduling.md|kafka-overview.md|kafka-overview.md,kubernetes-scheduling.md|kafka-overview.md|kubernetes-scheduling.md|kafka-overview.md|kubernetes-scheduling.md,0.08779999997932464,0.04935689992271364,7.830001413822174e-05,0.3337976000038907,0.3411461999639869,0.42159759998321533,0.1372351999161765,0.47838139988016337
q131,lexical,Kafka consumer group,True,1,1,1,0,0,1,1,1.0,1,1,1.0,1,1,1.0,1,1,1.0,1,1,1.0,kafka-overview.md|kafka-overview.md|kafka-overview.md|kafka-overview.md|postgres-mvcc.md,kafka-overview.md|kafka-overview.md,kafka-overview.md|kafka-overview.md|kafka-overview.md|kafka-overview.md|postgres-mvcc.md,kafka-overview.md|kafka-overview.md|kafka-overview.md|kafka-overview.md|postgres-replication.md,0.07847299997229129,0.053193400031886995,8.9599983766675e-05,0.40320850000716746,0.351101899985224,0.48168149997945875,0.13175599998794496,0.48285789997316897
q132,lexical,replication factor,True,1,1,1,0,0,0,1,0.2,1,1,1.0,1,1,1.0,1,1,1.0,1,1,1.0,postgres-replication.md|postgres-replication.md|postgres-replication.md|postgres-replication.md|kafka-overview.md,kafka-overview.md,kafka-overview.md|postgres-replication.md|postgres-replication.md|postgres-replication.md|postgres-replication.md,kafka-overview.md|postgres-replication.md|postgres-replication.md|postgres-replication.md|kafka-overview.md,0.06847459997516125,0.049511800054460764,6.929994560778141e-05,0.3166304000187665,0.32952529995236546,0.3851049999939278,0.1180556999752298,0.44758099992759526
q133,lexical,sequential offsets,True,1,1,1,0,0,1,1,1.0,1,1,1.0,1,1,1.0,1,1,1.0,1,1,1.0,kafka-overview.md|postgres-mvcc.md|postgres-mvcc.md|postgres-replication.md|postgres-mvcc.md,kafka-overview.md,kafka-overview.md|kafka-overview.md|postgres-mvcc.md|postgres-mvcc.md|postgres-replication.md,kafka-overview.md|kafka-overview.md|postgres-mvcc.md|postgres-mvcc.md|postgres-replication.md,0.08716459991410375,0.04956590000074357,0.00011230004020035267,0.3256222000345588,0.3093573999358341,0.4127867999486625,0.13684279995504767,0.4462001998908818
q134,lexical,logical replication,True,1,1,1,0,0,1,1,1.0,1,1,1.0,1,1,1.0,1,1,1.0,1,1,1.0,postgres-replication.md|postgres-replication.md|kafka-overview.md|postgres-replication.md|kafka-overview.md,postgres-replication.md|postgres-replication.md,postgres-replication.md|postgres-replication.md|kafka-overview.md|postgres-replication.md|kafka-overview.md,postgres-replication.md|postgres-replication.md|postgres-replication.md|postgres-replication.md|kafka-overview.md,0.08274320000782609,0.0624068999895826,8.829997386783361e-05,0.3064346000319347,0.3124651999678463,0.38917780003976077,0.14523839997127652,0.4577035999391228
q135,lexical,streaming replication,True,1,1,1,0,0,1,1,1.0,1,1,1.0,1,1,1.0,1,1,1.0,1,1,1.0,postgres-replication.md|postgres-replication.md|postgres-replication.md|kafka-overview.md|kafka-overview.md,postgres-replication.md|postgres-mvcc.md|postgres-replication.md|kafka-overview.md|postgres-replication.md,postgres-replication.md|postgres-replication.md|postgres-replication.md|postgres-mvcc.md|kafka-overview.md,postgres-replication.md|postgres-replication.md|kafka-overview.md|postgres-mvcc.md|postgres-replication.md,0.08521629997994751,0.06191499996930361,7.780001033097506e-05,0.33167770004365593,0.3272259999066591,0.41689400002360344,0.1472090999595821,0.4744350998662412
q136,mixed,WAL standby,True,1,1,1,0,0,1,1,1.0,1,1,1.0,1,1,1.0,1,1,1.0,1,1,1.0,postgres-replication.md|postgres-mvcc.md|postgres-replication.md|postgres-replication.md|postgres-replication.md,postgres-replication.md|postgres-replication.md|postgres-replication.md|kafka-overview.md|postgres-mvcc.md,postgres-replication.md|postgres-replication.md|postgres-replication.md|postgres-mvcc.md|kafka-overview.md,postgres-replication.md|postgres-mvcc.md|postgres-replication.md|postgres-replication.md|kafka-overview.md,0.07251290010754019,0.05402660008985549,7.049995474517345e-05,0.33401340001728386,0.3220362999709323,0.40652630012482405,0.12661000015214086,0.44864630012307316
q137,mixed,synchronous replication durability latency,True,1,1,1,0,0,1,1,1.0,1,1,1.0,1,1,1.0,1,1,1.0,1,1,1.0,postgres-replication.md|postgres-replication.md|postgres-replication.md|kafka-overview.md|postgres-replication.md,postgres-replication.md,postgres-replication.md|postgres-replication.md|postgres-replication.md|kafka-overview.md|postgres-replication.md,postgres-replication.md|postgres-replication.md|postgres-replication.md|postgres-replication.md|kafka-overview.md,0.0737502999836579,0.050640400033444166,5.870009772479534e-05,0.3435493999859318,0.3381705000065267,0.4172996999695897,0.12444940011482686,0.46261990012135357
q138,mixed,replication slots retained WAL,True,1,1,1,0,0,1,1,1.0,1,1,1.0,1,1,1.0,1,1,1.0,1,1,1.0,postgres-replication.md|postgres-replication.md|postgres-replication.md|postgres-mvcc.md|postgres-mvcc.md,postgres-replication.md,postgres-replication.md|postgres-replication.md|postgres-replication.md|postgres-mvcc.md|postgres-mvcc.md,postgres-replication.md|postgres-replication.md|postgres-replication.md|postgres-mvcc.md|kafka-overview.md,0.0878182000014931,0.051732299965806305,7.730000652372837e-05,0.3274395000189543,0.3298226000042632,0.4152577000204474,0.13962779997382313,0.46945039997808635
q139,mixed,logical replication selected tables,True,1,1,1,0,0,1,1,1.0,1,1,1.0,1,1,1.0,1,1,1.0,1,1,1.0,postgres-replication.md|postgres-replication.md|kafka-overview.md|postgres-replication.md|postgres-replication.md,postgres-replication.md|postgres-replication.md,postgres-replication.md|postgres-replication.md|kafka-overview.md|postgres-replication.md|postgres-replication.md,postgres-replication.md|postgres-replication.md|postgres-mvcc.md|postgres-replication.md|kafka-overview.md,0.06311099999584258,0.05344089993741363,7.730000652372837e-05,0.3149527000496164,0.31192060001194477,0.378063700045459,0.11662919993977994,0.4285497999517247
q140,mixed,MVCC snapshot row versions,True,1,1,1,0,0,1,1,1.0,1,1,1.0,1,1,1.0,1,1,1.0,1,1,1.0,postgres-mvcc.md|postgres-mvcc.md|postgres-mvcc.md|postgres-mvcc.md|postgres-replication.md,postgres-mvcc.md|postgres-mvcc.md,postgres-mvcc.md|postgres-mvcc.md|postgres-mvcc.md|postgres-mvcc.md|postgres-replication.md,postgres-mvcc.md|postgres-mvcc.md|postgres-mvcc.md|postgres-mvcc.md|postgres-replication.md,0.07745959993917495,0.04624410008545965,0.00019240006804466248,0.31457679998129606,0.32476089999545366,0.392036399920471,0.12389610009267926,0.4486570000881329
q141,mixed,Read Committed new snapshot,True,1,1,1,0,0,1,1,1.0,1,1,1.0,1,1,1.0,1,1,1.0,1,1,1.0,postgres-mvcc.md|postgres-mvcc.md|postgres-replication.md|postgres-replication.md|kafka-overview.md,postgres-mvcc.md|postgres-mvcc.md,postgres-mvcc.md|postgres-mvcc.md|postgres-replication.md|postgres-replication.md|kafka-overview.md,postgres-mvcc.md|postgres-mvcc.md|postgres-replication.md|postgres-replication.md|kafka-overview.md,0.08588030003011227,0.0712418999755755,0.0003141999477520585,0.4030071999877691,0.3894684000406414,0.4888875000178814,0.15743639995343983,0.5469047999940813
q142,mixed,VACUUM table bloat,True,1,1,1,0,0,1,1,1.0,1,1,1.0,1,1,1.0,1,1,1.0,1,1,1.0,postgres-mvcc.md|postgres-replication.md|postgres-mvcc.md|postgres-mvcc.md|postgres-replication.md,postgres-mvcc.md,postgres-mvcc.md|postgres-replication.md|postgres-mvcc.md|postgres-mvcc.md|postgres-replication.md,postgres-mvcc.md|postgres-replication.md|postgres-mvcc.md|kubernetes-scheduling.md|kubernetes-scheduling.md,0.09340250003151596,0.06504479993600398,9.670003782957792e-05,0.39947589999064803,0.3842848000349477,0.492878400022164,0.15854400000534952,0.5428288000402972
q143,mixed,CPU memory requests scheduler,True,1,1,1,0,0,1,1,1.0,1,1,1.0,1,1,1.0,1,1,1.0,1,1,1.0,kubernetes-scheduling.md|kubernetes-scheduling.md|kubernetes-scheduling.md|kubernetes-scheduling.md|kafka-overview.md,kubernetes-scheduling.md,kubernetes-scheduling.md|kubernetes-scheduling.md|kubernetes-scheduling.md|kubernetes-scheduling.md|kafka-overview.md,kubernetes-scheduling.md|kubernetes-scheduling.md|kubernetes-scheduling.md|kubernetes-scheduling.md|postgres-replication.md,0.07816000003367662,0.06045570003334433,0.0001479999627918005,0.46022000000812113,0.4740080999908969,0.5383800000417978,0.13876370002981275,0.6127718000207096
q144,mixed,taints tolerations node affinity,True,1,1,1,0,0,1,1,1.0,1,1,1.0,1,1,1.0,1,1,1.0,1,1,1.0,kubernetes-scheduling.md|kubernetes-scheduling.md|kubernetes-scheduling.md|kafka-overview.md|kafka-overview.md,kubernetes-scheduling.md,kubernetes-scheduling.md|kubernetes-scheduling.md|kubernetes-scheduling.md|kafka-overview.md|kafka-overview.md,kubernetes-scheduling.md|kubernetes-scheduling.md|kubernetes-scheduling.md|kubernetes-scheduling.md|postgres-mvcc.md,0.09707859996706247,0.05681560002267361,7.819989696145058e-05,0.37466810003388673,0.4000549999764189,0.4717467000009492,0.15397239988669753,0.5540273998631164
q145,mixed,kubelet container runtime,True,1,1,1,0,0,1,1,1.0,1,1,1.0,1,1,1.0,1,1,1.0,1,1,1.0,kubernetes-scheduling.md|kubernetes-scheduling.md|kubernetes-scheduling.md|kubernetes-scheduling.md|kafka-overview.md,kubernetes-scheduling.md,kubernetes-scheduling.md|kubernetes-scheduling.md|kubernetes-scheduling.md|kubernetes-scheduling.md|kafka-overview.md,kubernetes-scheduling.md|kubernetes-scheduling.md|kubernetes-scheduling.md|kubernetes-scheduling.md|kafka-overview.md,0.09788880008272827,0.07005490001756698,0.00011420005466789007,0.37379199999850243,0.3635736999567598,0.4716808000812307,0.16805790015496314,0.531631600111723
q146,mixed,Kafka partition sequential offsets,True,1,1,1,0,0,1,1,1.0,1,1,1.0,1,1,1.0,1,1,1.0,1,1,1.0,kafka-overview.md|kafka-overview.md|kafka-overview.md|kafka-overview.md|postgres-replication.md,kafka-overview.md,kafka-overview.md|kafka-overview.md|kafka-overview.md|kafka-overview.md|postgres-replication.md,kafka-overview.md|kafka-overview.md|kafka-overview.md|kafka-overview.md|kubernetes-scheduling.md,0.07494850002694875,0.056680799927562475,9.650003630667925e-05,0.33720159996300936,0.33504440006799996,0.4121500999899581,0.1317257999908179,0.46677020005881786
q147,mixed,consumer group partition workload,True,1,1,1,0,0,1,1,1.0,1,1,1.0,1,1,1.0,1,1,1.0,1,1,1.0,kafka-overview.md|kafka-overview.md|kafka-overview.md|kubernetes-scheduling.md|postgres-replication.md,kafka-overview.md,kafka-overview.md|kafka-overview.md|kafka-overview.md|kubernetes-scheduling.md|postgres-replication.md,kafka-overview.md|kafka-overview.md|kafka-overview.md|postgres-replication.md|kafka-overview.md,0.06766709999646991,0.07396990002598614,0.0001129999291151762,0.37233779998496175,0.36430590006057173,0.44000489998143166,0.14174999995157123,0.506055900012143
q148,mixed,replication factor follower leader,True,1,1,1,0,0,0,1,0.5,1,1,1.0,1,1,1.0,1,1,1.0,1,1,1.0,postgres-replication.md|kafka-overview.md|postgres-replication.md|postgres-replication.md|postgres-replication.md,kafka-overview.md,kafka-overview.md|postgres-replication.md|postgres-replication.md|postgres-replication.md|postgres-replication.md,kafka-overview.md|kafka-overview.md|postgres-replication.md|postgres-replication.md|postgres-replication.md,0.0741785999853164,0.05597610003314912,8.729996625334024e-05,0.34627520001959056,0.35793249995913357,0.42045380000490695,0.13024199998471886,0.4881744999438524
q149,mixed,retains events replay offsets,True,1,1,1,0,0,1,1,1.0,1,1,1.0,1,1,1.0,1,1,1.0,1,1,1.0,kafka-overview.md|kafka-overview.md|postgres-mvcc.md|postgres-replication.md|postgres-replication.md,kafka-overview.md,kafka-overview.md|kafka-overview.md|postgres-mvcc.md|postgres-replication.md|postgres-replication.md,kafka-overview.md|kafka-overview.md|postgres-replication.md|kafka-overview.md|postgres-replication.md,0.08191329997498542,0.06090589996892959,8.460006210952997e-05,0.3435454999562353,0.32455310004297644,0.4254587999312207,0.14290380000602454,0.467456900049001
q150,mixed,PostgreSQL MVCC replication mechanism,True,1,1,1,0,0,1,1,1.0,1,1,1.0,1,1,1.0,1,1,1.0,1,1,1.0,postgres-mvcc.md|postgres-replication.md|postgres-mvcc.md|postgres-replication.md|postgres-mvcc.md,postgres-mvcc.md,postgres-mvcc.md|postgres-mvcc.md|postgres-replication.md|postgres-mvcc.md|postgres-replication.md,postgres-mvcc.md|postgres-mvcc.md|postgres-replication.md|postgres-mvcc.md|postgres-mvcc.md,0.07214669999666512,0.05074670002795756,0.0003556999145075679,0.3335650000954047,0.3218661000719294,0.4057117000920698,0.12324909993913025,0.44511520001105964
q151,unsupported,SQLSTATE 23505,False,0,0,0,0,0,0,0,0.0,0,0,0.0,0,0,0.0,0,0,0.0,0,0,0.0,postgres-mvcc.md|postgres-replication.md|postgres-mvcc.md|postgres-replication.md|postgres-mvcc.md,,postgres-mvcc.md|postgres-replication.md|postgres-mvcc.md|postgres-replication.md|postgres-mvcc.md,postgres-mvcc.md|postgres-mvcc.md|postgres-mvcc.md|postgres-replication.md|postgres-replication.md,0.07660689996555448,0.0448080999776721,0.00012510002125054598,0.31834650004748255,0.3048923999303952,0.394953400013037,0.12154009996447712,0.4264324998948723
q152,unsupported,log_min_duration_statement,False,0,0,0,0,0,0,0,0.0,0,0,0.0,0,0,0.0,0,0,0.0,0,0,0.0,kafka-overview.md|kubernetes-scheduling.md|kubernetes-scheduling.md|postgres-replication.md|postgres-replication.md,,kafka-overview.md|kubernetes-scheduling.md|kubernetes-scheduling.md|postgres-replication.md|postgres-replication.md,kafka-overview.md|postgres-mvcc.md|postgres-mvcc.md|kafka-overview.md|postgres-replication.md,0.07611080002970994,0.04626729991286993,7.730000652372837e-05,0.31287030002567917,0.31508620001841336,0.3889811000553891,0.1224553999491036,0.43754159996751696
q153,unsupported,hot_standby_feedback,False,0,0,0,0,0,0,0,0.0,0,0,0.0,0,0,0.0,0,0,0.0,0,0,0.0,postgres-replication.md|postgres-replication.md|postgres-replication.md|postgres-mvcc.md|postgres-replication.md,,postgres-replication.md|postgres-replication.md|postgres-replication.md|postgres-mvcc.md|postgres-replication.md,postgres-replication.md|postgres-replication.md|postgres-replication.md|postgres-replication.md|postgres-mvcc.md,0.07089440000709146,0.0453914999961853,8.639995940029621e-05,0.3234653000254184,0.3081258999882266,0.39435970003250986,0.11637229996267706,0.42449819995090365
q154,unsupported,xCluster,False,0,0,0,0,0,0,0,0.0,0,0,0.0,0,0,0.0,0,0,0.0,0,0,0.0,kubernetes-scheduling.md|kubernetes-scheduling.md|kafka-overview.md|kafka-overview.md|kubernetes-scheduling.md,,kubernetes-scheduling.md|kubernetes-scheduling.md|kafka-overview.md|kafka-overview.md|kubernetes-scheduling.md,postgres-mvcc.md|postgres-mvcc.md|kafka-overview.md|postgres-replication.md|postgres-replication.md,0.07258689997252077,0.06680149992462248,6.900005973875523e-05,0.32963319995906204,0.3496578000485897,0.4022200999315828,0.139457399956882,0.4891152000054717
