sample,local_ms,http_ms,boundary_overhead_ms
1,0.0099,17.1023,17.0924
2,0.0061,45.9085,45.9024
3,0.0077,47.7521,47.7444
4,0.0061,48.814,48.8079
5,0.0062,47.7393,47.7331
6,0.0059,47.6416,47.6357
7,0.0079,52.4993,52.4914
8,0.007,48.1447,48.1377
9,0.0078,46.7506,46.7428
10,0.0052,44.2645,44.2593
11,0.0053,48.1566,48.1513
12,0.0052,47.0693,47.0641
13,0.0055,45.1277,45.1222
14,0.0048,47.7176,47.7128
15,0.0061,48.4331,48.427
16,0.005,47.6034,47.5984
17,0.0086,47.8175,47.8089
18,0.0076,47.4846,47.477
19,0.0054,44.8224,44.817
20,0.0074,47.7584,47.751
21,0.0055,48.3108,48.3053
22,0.0105,47.3881,47.3776
23,0.0052,48.8443,48.8391
24,0.0086,50.2588,50.2502
25,0.0045,45.2679,45.2634
26,0.0047,47.5952,47.5905
27,0.0122,48.8041,48.7919
28,0.0112,47.7335,47.7223
29,0.0093,47.9542,47.9449
30,0.0117,48.03,48.0183
31,0.0084,47.6719,47.6635
32,0.0076,47.5091,47.5015
33,0.0057,45.327,45.3213
34,0.0063,50.6283,50.622
35,0.0052,48.5741,48.5689
36,0.0056,47.7583,47.7527
37,0.01,47.9242,47.9142
38,0.0083,48.259,48.2507
39,0.0066,48.1728,48.1662
40,0.006,47.1675,47.1615
41,0.006,47.9259,47.9199
42,0.0053,49.1564,49.1511
43,0.005,48.4146,48.4096
44,0.0067,45.8604,45.8537
45,0.0055,44.716,44.7105
46,0.0053,47.8667,47.8614
47,0.0078,47.8692,47.8614
48,0.0084,47.6962,47.6878
49,0.0057,43.9732,43.9675
50,0.0055,46.2365,46.231
51,0.0053,45.7888,45.7835
52,0.0051,44.5841,44.579
53,0.0181,48.2212,48.2031
54,0.0089,48.1872,48.1783
55,0.0109,47.3441,47.3332
56,0.0059,47.6801,47.6742
57,0.0057,45.0698,45.0641
58,0.0086,47.9113,47.9027
59,0.0057,47.6691,47.6634
60,0.0102,47.7768,47.7666
61,0.0052,47.8244,47.8192
62,0.0054,49.4532,49.4478
63,0.0099,46.0604,46.0505
64,0.0083,44.9369,44.9286
65,0.0062,48.0415,48.0353
66,0.0156,47.5344,47.5188
67,0.0055,47.9181,47.9126
68,0.0083,47.7313,47.723
69,0.005,48.5584,48.5534
70,0.0066,47.4974,47.4908
71,0.0075,47.9224,47.9149
72,0.0073,48.6541,48.6468
73,0.0092,48.3746,48.3654
74,0.0049,47.8719,47.867
75,0.0106,51.4417,51.4311
76,0.0072,51.5515,51.5443
77,0.0067,48.5917,48.585
78,0.0067,48.6255,48.6188
79,0.0093,47.1472,47.1379
80,0.0053,48.3313,48.326
81,0.0058,47.1055,47.0997
82,0.0049,48.7807,48.7758
83,0.0057,46.9952,46.9895
84,0.007,45.297,45.29
85,0.0071,48.0416,48.0345
86,0.0055,46.8812,46.8757
87,0.0062,48.0593,48.0531
88,0.0051,48.1867,48.1816
89,0.0051,47.0587,47.0536
90,0.0056,45.7449,45.7393
91,0.0101,46.5261,46.516
92,0.0191,51.5575,51.5384
93,0.0066,48.0527,48.0461
94,0.0075,43.9053,43.8978
95,0.005,45.3181,45.3131
96,0.0057,50.4985,50.4928
97,0.0051,44.6147,44.6096
98,0.0045,48.1843,48.1798
99,0.0048,48.3705,48.3657
100,0.0046,47.6592,47.6546
