timestamp,host_cpu_percent,host_memory_percent,component,component_cpu,component_memory
2026-09-26T13:38:34.731018+00:00,0.0,79.3,rag-grafana,0.61%,86.35MiB / 7.439GiB
2026-09-26T13:38:34.731018+00:00,0.0,79.3,rag-jaeger,0.05%,10.39MiB / 7.439GiB
2026-09-26T13:38:34.731018+00:00,0.0,79.3,rag-prometheus,0.00%,22.74MiB / 7.439GiB
2026-09-26T13:38:34.731018+00:00,0.0,79.3,rag-redis,3.09%,8.457MiB / 7.439GiB
2026-09-26T13:38:34.731018+00:00,0.0,79.3,rag-postgres,0.01%,33.75MiB / 7.439GiB
2026-09-26T13:38:41.991724+00:00,3.0,79.6,rag-grafana,1.69%,86.59MiB / 7.439GiB
2026-09-26T13:38:41.991724+00:00,3.0,79.6,rag-jaeger,0.05%,10.39MiB / 7.439GiB
2026-09-26T13:38:41.991724+00:00,3.0,79.6,rag-prometheus,0.00%,22.99MiB / 7.439GiB
2026-09-26T13:38:41.991724+00:00,3.0,79.6,rag-redis,0.62%,8.477MiB / 7.439GiB
2026-09-26T13:38:41.991724+00:00,3.0,79.6,rag-postgres,0.00%,33.75MiB / 7.439GiB
2026-09-26T13:38:48.769559+00:00,3.1,79.0,rag-grafana,0.70%,86.59MiB / 7.439GiB
2026-09-26T13:38:48.769559+00:00,3.1,79.0,rag-jaeger,0.04%,10.39MiB / 7.439GiB
2026-09-26T13:38:48.769559+00:00,3.1,79.0,rag-prometheus,0.37%,22.99MiB / 7.439GiB
2026-09-26T13:38:48.769559+00:00,3.1,79.0,rag-redis,2.99%,8.664MiB / 7.439GiB
2026-09-26T13:38:48.769559+00:00,3.1,79.0,rag-postgres,0.00%,33.75MiB / 7.439GiB
2026-09-26T13:38:56.027232+00:00,2.9,79.0,rag-grafana,0.51%,86.57MiB / 7.439GiB
2026-09-26T13:38:56.027232+00:00,2.9,79.0,rag-jaeger,0.04%,10.39MiB / 7.439GiB
2026-09-26T13:38:56.027232+00:00,2.9,79.0,rag-prometheus,0.00%,22.99MiB / 7.439GiB
2026-09-26T13:38:56.027232+00:00,2.9,79.0,rag-redis,0.65%,8.926MiB / 7.439GiB
2026-09-26T13:38:56.027232+00:00,2.9,79.0,rag-postgres,0.00%,34.14MiB / 7.439GiB
2026-09-26T13:39:03.287905+00:00,3.0,78.9,rag-grafana,0.59%,86.57MiB / 7.439GiB
2026-09-26T13:39:03.287905+00:00,3.0,78.9,rag-jaeger,0.03%,10.39MiB / 7.439GiB
2026-09-26T13:39:03.287905+00:00,3.0,78.9,rag-prometheus,0.40%,22.98MiB / 7.439GiB
2026-09-26T13:39:03.287905+00:00,3.0,78.9,rag-redis,0.69%,8.855MiB / 7.439GiB
2026-09-26T13:39:03.287905+00:00,3.0,78.9,rag-postgres,0.03%,34.14MiB / 7.439GiB
2026-09-26T13:39:09.803414+00:00,3.4,79.3,rag-grafana,0.62%,86.56MiB / 7.439GiB
2026-09-26T13:39:09.803414+00:00,3.4,79.3,rag-jaeger,0.02%,10.39MiB / 7.439GiB
2026-09-26T13:39:09.803414+00:00,3.4,79.3,rag-prometheus,0.00%,22.98MiB / 7.439GiB
2026-09-26T13:39:09.803414+00:00,3.4,79.3,rag-redis,3.19%,8.504MiB / 7.439GiB
2026-09-26T13:39:09.803414+00:00,3.4,79.3,rag-postgres,5.82%,37.8MiB / 7.439GiB
2026-09-26T13:39:17.120479+00:00,8.9,80.8,rag-grafana,0.77%,86.56MiB / 7.439GiB
2026-09-26T13:39:17.120479+00:00,8.9,80.8,rag-jaeger,0.03%,10.39MiB / 7.439GiB
2026-09-26T13:39:17.120479+00:00,8.9,80.8,rag-prometheus,0.00%,23.07MiB / 7.439GiB
2026-09-26T13:39:17.120479+00:00,8.9,80.8,rag-redis,0.91%,8.234MiB / 7.439GiB
2026-09-26T13:39:17.120479+00:00,8.9,80.8,rag-postgres,0.00%,37.71MiB / 7.439GiB
2026-09-26T13:39:24.512532+00:00,9.0,82.0,rag-grafana,0.81%,86.54MiB / 7.439GiB
2026-09-26T13:39:24.512532+00:00,9.0,82.0,rag-jaeger,0.07%,10.39MiB / 7.439GiB
2026-09-26T13:39:24.512532+00:00,9.0,82.0,rag-prometheus,0.11%,23.03MiB / 7.439GiB
2026-09-26T13:39:24.512532+00:00,9.0,82.0,rag-redis,7.51%,8.395MiB / 7.439GiB
2026-09-26T13:39:24.512532+00:00,9.0,82.0,rag-postgres,0.00%,37.71MiB / 7.439GiB
2026-09-26T13:39:31.900995+00:00,8.8,83.5,rag-grafana,2.92%,86.54MiB / 7.439GiB
2026-09-26T13:39:31.900995+00:00,8.8,83.5,rag-jaeger,0.05%,10.39MiB / 7.439GiB
2026-09-26T13:39:31.900995+00:00,8.8,83.5,rag-prometheus,0.00%,23.03MiB / 7.439GiB
2026-09-26T13:39:31.900995+00:00,8.8,83.5,rag-redis,0.80%,8.453MiB / 7.439GiB
2026-09-26T13:39:31.900995+00:00,8.8,83.5,rag-postgres,0.01%,37.71MiB / 7.439GiB
2026-09-26T13:39:39.013907+00:00,9.4,84.3,rag-grafana,0.66%,86.54MiB / 7.439GiB
2026-09-26T13:39:39.013907+00:00,9.4,84.3,rag-jaeger,0.05%,10.39MiB / 7.439GiB
2026-09-26T13:39:39.013907+00:00,9.4,84.3,rag-prometheus,0.82%,22.77MiB / 7.439GiB
2026-09-26T13:39:39.013907+00:00,9.4,84.3,rag-redis,2.25%,9.219MiB / 7.439GiB
2026-09-26T13:39:39.013907+00:00,9.4,84.3,rag-postgres,0.00%,37.71MiB / 7.439GiB
2026-09-26T13:39:46.426680+00:00,8.4,85.3,rag-grafana,0.52%,86.53MiB / 7.439GiB
2026-09-26T13:39:46.426680+00:00,8.4,85.3,rag-jaeger,0.08%,10.39MiB / 7.439GiB
2026-09-26T13:39:46.426680+00:00,8.4,85.3,rag-prometheus,0.00%,23.02MiB / 7.439GiB
2026-09-26T13:39:46.426680+00:00,8.4,85.3,rag-redis,0.70%,8.391MiB / 7.439GiB
2026-09-26T13:39:46.426680+00:00,8.4,85.3,rag-postgres,0.00%,37.71MiB / 7.439GiB
2026-09-26T13:39:53.847897+00:00,9.2,86.3,rag-grafana,0.59%,86.49MiB / 7.439GiB
2026-09-26T13:39:53.847897+00:00,9.2,86.3,rag-jaeger,0.64%,10.39MiB / 7.439GiB
2026-09-26T13:39:53.847897+00:00,9.2,86.3,rag-prometheus,0.00%,22.77MiB / 7.439GiB
2026-09-26T13:39:53.847897+00:00,9.2,86.3,rag-redis,0.77%,8.441MiB / 7.439GiB
2026-09-26T13:39:53.847897+00:00,9.2,86.3,rag-postgres,0.00%,37.64MiB / 7.439GiB
2026-09-26T13:40:01.253776+00:00,9.1,87.3,rag-grafana,0.64%,86.52MiB / 7.439GiB
2026-09-26T13:40:01.253776+00:00,9.1,87.3,rag-jaeger,0.04%,10.39MiB / 7.439GiB
2026-09-26T13:40:01.253776+00:00,9.1,87.3,rag-prometheus,0.00%,23.01MiB / 7.439GiB
2026-09-26T13:40:01.253776+00:00,9.1,87.3,rag-redis,0.70%,8.914MiB / 7.439GiB
2026-09-26T13:40:01.253776+00:00,9.1,87.3,rag-postgres,0.00%,37.64MiB / 7.439GiB
2026-09-26T13:40:08.103704+00:00,8.8,88.2,rag-grafana,0.61%,86.51MiB / 7.439GiB
2026-09-26T13:40:08.103704+00:00,8.8,88.2,rag-jaeger,0.05%,10.39MiB / 7.439GiB
2026-09-26T13:40:08.103704+00:00,8.8,88.2,rag-prometheus,0.13%,23.01MiB / 7.439GiB
2026-09-26T13:40:08.103704+00:00,8.8,88.2,rag-redis,0.90%,9.043MiB / 7.439GiB
2026-09-26T13:40:08.103704+00:00,8.8,88.2,rag-postgres,0.00%,37.64MiB / 7.439GiB
2026-09-26T13:40:15.573535+00:00,9.0,89.0,rag-grafana,0.63%,86.51MiB / 7.439GiB
2026-09-26T13:40:15.573535+00:00,9.0,89.0,rag-jaeger,0.05%,10.39MiB / 7.439GiB
2026-09-26T13:40:15.573535+00:00,9.0,89.0,rag-prometheus,0.00%,23.01MiB / 7.439GiB
2026-09-26T13:40:15.573535+00:00,9.0,89.0,rag-redis,7.02%,8.469MiB / 7.439GiB
2026-09-26T13:40:15.573535+00:00,9.0,89.0,rag-postgres,0.00%,37.64MiB / 7.439GiB
2026-09-26T13:40:23.030988+00:00,12.2,89.4,rag-grafana,0.47%,86.5MiB / 7.439GiB
2026-09-26T13:40:23.030988+00:00,12.2,89.4,rag-jaeger,0.10%,10.39MiB / 7.439GiB
2026-09-26T13:40:23.030988+00:00,12.2,89.4,rag-prometheus,1.03%,23.01MiB / 7.439GiB
2026-09-26T13:40:23.030988+00:00,12.2,89.4,rag-redis,0.84%,8.641MiB / 7.439GiB
2026-09-26T13:40:23.030988+00:00,12.2,89.4,rag-postgres,0.00%,37.64MiB / 7.439GiB
2026-09-26T13:40:30.161982+00:00,7.7,90.3,rag-grafana,0.64%,86.49MiB / 7.439GiB
2026-09-26T13:40:30.161982+00:00,7.7,90.3,rag-jaeger,0.04%,10.39MiB / 7.439GiB
2026-09-26T13:40:30.161982+00:00,7.7,90.3,rag-prometheus,0.00%,23MiB / 7.439GiB
2026-09-26T13:40:30.161982+00:00,7.7,90.3,rag-redis,3.36%,9.902MiB / 7.439GiB
2026-09-26T13:40:30.161982+00:00,7.7,90.3,rag-postgres,0.01%,37.64MiB / 7.439GiB
2026-09-26T13:40:37.593502+00:00,8.4,91.2,rag-grafana,0.53%,86.49MiB / 7.439GiB
2026-09-26T13:40:37.593502+00:00,8.4,91.2,rag-jaeger,0.13%,10.39MiB / 7.439GiB
2026-09-26T13:40:37.593502+00:00,8.4,91.2,rag-prometheus,0.91%,23MiB / 7.439GiB
2026-09-26T13:40:37.593502+00:00,8.4,91.2,rag-redis,0.93%,8.621MiB / 7.439GiB
2026-09-26T13:40:37.593502+00:00,8.4,91.2,rag-postgres,0.00%,37.64MiB / 7.439GiB
2026-09-26T13:40:45.002373+00:00,9.1,92.3,rag-grafana,0.50%,86.49MiB / 7.439GiB
2026-09-26T13:40:45.002373+00:00,9.1,92.3,rag-jaeger,0.05%,10.39MiB / 7.439GiB
2026-09-26T13:40:45.002373+00:00,9.1,92.3,rag-prometheus,0.00%,23MiB / 7.439GiB
2026-09-26T13:40:45.002373+00:00,9.1,92.3,rag-redis,0.87%,8.723MiB / 7.439GiB
2026-09-26T13:40:45.002373+00:00,9.1,92.3,rag-postgres,0.00%,37.64MiB / 7.439GiB
2026-09-26T13:40:52.411312+00:00,9.6,93.0,rag-grafana,2.92%,86.47MiB / 7.439GiB
2026-09-26T13:40:52.411312+00:00,9.6,93.0,rag-jaeger,0.04%,10.39MiB / 7.439GiB
2026-09-26T13:40:52.411312+00:00,9.6,93.0,rag-prometheus,0.00%,23MiB / 7.439GiB
2026-09-26T13:40:52.411312+00:00,9.6,93.0,rag-redis,0.82%,9.086MiB / 7.439GiB
2026-09-26T13:40:52.411312+00:00,9.6,93.0,rag-postgres,0.00%,37.84MiB / 7.439GiB
2026-09-26T13:40:59.144528+00:00,9.8,92.9,rag-grafana,0.46%,86.47MiB / 7.439GiB
2026-09-26T13:40:59.144528+00:00,9.8,92.9,rag-jaeger,0.10%,10.39MiB / 7.439GiB
2026-09-26T13:40:59.144528+00:00,9.8,92.9,rag-prometheus,0.00%,23MiB / 7.439GiB
2026-09-26T13:40:59.144528+00:00,9.8,92.9,rag-redis,0.54%,8.902MiB / 7.439GiB
2026-09-26T13:40:59.144528+00:00,9.8,92.9,rag-postgres,0.00%,37.82MiB / 7.439GiB
